review_group_id,category,hebrew_token_or_pattern,refs_or_count,representative_candidate_ids,source_candidate_files,evidence_summary,recommended_decision,risk_level,yossi_decision,yossi_notes
p2_comp_001,morphology_function_word_source_only,אל,"2 candidates; Bereishis 2:19, Bereishis 2:22","p2_morph_238, p2_morph_292",data/source_skill_enrichment/morphology_candidates/bereishis_perek_2_morphology_candidates.tsv,Function word morphology is source/context support only for now.,source_only,medium,,
p2_comp_002,morphology_function_word_source_only,אשר,"7 candidates; Bereishis 2:2, Bereishis 2:3, Bereishis 2:8, Bereishis 2:11, Bereishis 2:19, Bereishis 2:22","p2_morph_011, p2_morph_018, p2_morph_032, p2_morph_105, p2_morph_146, p2_morph_245, p2_morph_286",data/source_skill_enrichment/morphology_candidates/bereishis_perek_2_morphology_candidates.tsv,Function word morphology is source/context support only for now.,source_only,medium,,
p2_comp_003,morphology_function_word_source_only,את,"11 candidates; Bereishis 2:3, Bereishis 2:5, Bereishis 2:6, Bereishis 2:7, Bereishis 2:8, Bereishis 2:10, Bereishis 2:11, Bereishis 2:13 (+3 more refs)","p2_morph_022, p2_morph_068, p2_morph_075, p2_morph_082, p2_morph_103, p2_morph_130, p2_morph_142, p2_morph_163, p2_morph_182, p2_morph_284, +1 more",data/source_skill_enrichment/morphology_candidates/bereishis_perek_2_morphology_candidates.tsv,Function word morphology is source/context support only for now.,source_only,medium,,
p2_comp_004,morphology_function_word_source_only,כל,"6 candidates; Bereishis 2:6, Bereishis 2:9, Bereishis 2:11, Bereishis 2:13, Bereishis 2:19","p2_morph_076, p2_morph_112, p2_morph_143, p2_morph_164, p2_morph_230, p2_morph_234",data/source_skill_enrichment/morphology_candidates/bereishis_perek_2_morphology_candidates.tsv,Function word morphology is source/context support only for now.,source_only,medium,,
p2_comp_005,morphology_function_word_source_only,לא,"4 candidates; Bereishis 2:5, Bereishis 2:17, Bereishis 2:18, Bereishis 2:20","p2_morph_059, p2_morph_204, p2_morph_216, p2_morph_264",data/source_skill_enrichment/morphology_candidates/bereishis_perek_2_morphology_candidates.tsv,Function word morphology is source/context support only for now.,source_only,medium,,
p2_comp_006,morphology_function_word_source_only,מן,"5 candidates; Bereishis 2:6, Bereishis 2:7, Bereishis 2:9, Bereishis 2:19, Bereishis 2:22","p2_morph_072, p2_morph_085, p2_morph_110, p2_morph_228, p2_morph_288",data/source_skill_enrichment/morphology_candidates/bereishis_perek_2_morphology_candidates.tsv,Function word morphology is source/context support only for now.,source_only,medium,,
p2_comp_007,morphology_function_word_source_only,על,"4 candidates; Bereishis 2:5, Bereishis 2:16, Bereishis 2:21, Bereishis 2:24","p2_morph_063, p2_morph_192, p2_morph_272, p2_morph_309",data/source_skill_enrichment/morphology_candidates/bereishis_perek_2_morphology_candidates.tsv,Function word morphology is source/context support only for now.,source_only,medium,,
p2_comp_008,morphology_general_deferred,general morphology deferred,"95 candidates; Bereishis 2:1, Bereishis 2:2, Bereishis 2:3, Bereishis 2:4, Bereishis 2:5, Bereishis 2:6, Bereishis 2:7, Bereishis 2:8 (+17 more refs)","p2_morph_003, p2_morph_004, p2_morph_016, p2_morph_029, p2_morph_030, p2_morph_033, p2_morph_035, p2_morph_039, p2_morph_042, p2_morph_045, +85 more",data/source_skill_enrichment/morphology_candidates/bereishis_perek_2_morphology_candidates.tsv,General morphology row remains review-only; no verb-form or morphology question approval.,needs_follow_up,high,,
p2_comp_009,morphology_prefix_article_or_stem_follow_up,heh/article or stem-sensitive form,"55 candidates; Bereishis 2:1, Bereishis 2:2, Bereishis 2:3, Bereishis 2:4, Bereishis 2:5, Bereishis 2:6, Bereishis 2:7, Bereishis 2:8 (+15 more refs)","p2_morph_002, p2_morph_009, p2_morph_015, p2_morph_024, p2_morph_038, p2_morph_049, p2_morph_055, p2_morph_060, p2_morph_064, p2_morph_069, +45 more",data/source_skill_enrichment/morphology_candidates/bereishis_perek_2_morphology_candidates.tsv,Heh/article/stem-sensitive morphology; keep row-level follow-up.,needs_follow_up,high,,
p2_comp_010,morphology_suffix_construct_follow_up,suffix / construct / number-sensitive form,"84 candidates; Bereishis 2:1, Bereishis 2:2, Bereishis 2:3, Bereishis 2:4, Bereishis 2:5, Bereishis 2:6, Bereishis 2:7, Bereishis 2:8 (+17 more refs)","p2_morph_005, p2_morph_007, p2_morph_008, p2_morph_010, p2_morph_012, p2_morph_014, p2_morph_017, p2_morph_019, p2_morph_021, p2_morph_026, +74 more",data/source_skill_enrichment/morphology_candidates/bereishis_perek_2_morphology_candidates.tsv,"Suffix, construct, person/gender/number, or number-sensitive morphology; defer.",needs_follow_up,high,,
p2_comp_011,morphology_verb_form_sensitive,future / jussive / imperfect-looking form,"29 candidates; Bereishis 2:3, Bereishis 2:4, Bereishis 2:5, Bereishis 2:6, Bereishis 2:7, Bereishis 2:8, Bereishis 2:9, Bereishis 2:10 (+10 more refs)","p2_morph_023, p2_morph_037, p2_morph_043, p2_morph_051, p2_morph_057, p2_morph_061, p2_morph_071, p2_morph_080, p2_morph_096, p2_morph_106, +19 more",data/source_skill_enrichment/morphology_candidates/bereishis_perek_2_morphology_candidates.tsv,Future/jussive/imperfect-looking form; defer pending morphology wording standard.,needs_follow_up,high,,
p2_comp_012,morphology_verb_form_sensitive,vav narrative / vav hahipuch,"26 candidates; Bereishis 2:1, Bereishis 2:2, Bereishis 2:3, Bereishis 2:7, Bereishis 2:8, Bereishis 2:9, Bereishis 2:15, Bereishis 2:16 (+7 more refs)","p2_morph_001, p2_morph_006, p2_morph_013, p2_morph_020, p2_morph_025, p2_morph_079, p2_morph_087, p2_morph_091, p2_morph_095, p2_morph_101, +16 more",data/source_skill_enrichment/morphology_candidates/bereishis_perek_2_morphology_candidates.tsv,Verb-form-sensitive vav narrative/vav hahipuch pattern; defer morphology question use.,needs_follow_up,high,,
p2_comp_013,phrase_level_standards_source_only,phrase-level standards parent rows,"99 candidates; Bereishis 2:1, Bereishis 2:2, Bereishis 2:3, Bereishis 2:4, Bereishis 2:5, Bereishis 2:6, Bereishis 2:7, Bereishis 2:8 (+17 more refs)","p2_std_001, p2_std_002, p2_std_003, p2_std_004, p2_std_005, p2_std_006, p2_std_007, p2_std_008, p2_std_009, p2_std_010, +89 more",data/source_skill_enrichment/standards_candidates/bereishis_perek_2_standards_candidates.tsv,Phrase-level standards are broad parent rows; token-split rows are preferred for later review.,source_only,medium,,
p2_comp_014,token_split_clean_noun_standards,אביו,1 candidates; Bereishis 2:24,p2_tstd_314,data/source_skill_enrichment/standards_candidates/bereishis_perek_2_token_split_standards_candidates.tsv,Clean noun/vocabulary token-split standards group; Yossi can review as first-pass candidate.,needs_follow_up,medium,,
p2_comp_015,token_split_clean_noun_standards,אבן,1 candidates; Bereishis 2:12,p2_tstd_155,data/source_skill_enrichment/standards_candidates/bereishis_perek_2_token_split_standards_candidates.tsv,Clean noun/vocabulary token-split standards group; Yossi can review as first-pass candidate.,needs_follow_up,medium,,
p2_comp_016,token_split_clean_noun_standards,אדם,"15 candidates; Bereishis 2:5, Bereishis 2:7, Bereishis 2:8, Bereishis 2:15, Bereishis 2:16, Bereishis 2:18, Bereishis 2:19, Bereishis 2:20 (+4 more refs)","p2_tstd_065, p2_tstd_083, p2_tstd_092, p2_tstd_104, p2_tstd_183, p2_tstd_193, p2_tstd_219, p2_tstd_239, p2_tstd_248, p2_tstd_254, +5 more",data/source_skill_enrichment/standards_candidates/bereishis_perek_2_token_split_standards_candidates.tsv,Clean noun/vocabulary token-split standards group; Yossi can review as first-pass candidate.,needs_follow_up,medium,,
p2_comp_017,token_split_clean_noun_standards,אדמה,"5 candidates; Bereishis 2:5, Bereishis 2:6, Bereishis 2:7, Bereishis 2:9, Bereishis 2:19","p2_tstd_069, p2_tstd_078, p2_tstd_086, p2_tstd_111, p2_tstd_229",data/source_skill_enrichment/standards_candidates/bereishis_perek_2_token_split_standards_candidates.tsv,Clean noun/vocabulary token-split standards group; Yossi can review as first-pass candidate.,needs_follow_up,medium,,
p2_comp_018,token_split_clean_noun_standards,איש,1 candidates; Bereishis 2:24,p2_tstd_312,data/source_skill_enrichment/standards_candidates/bereishis_perek_2_token_split_standards_candidates.tsv,Clean noun/vocabulary token-split standards group; Yossi can review as first-pass candidate.,needs_follow_up,medium,,
p2_comp_019,token_split_clean_noun_standards,אלה,1 candidates; Bereishis 2:4,p2_tstd_036,data/source_skill_enrichment/standards_candidates/bereishis_perek_2_token_split_standards_candidates.tsv,Clean noun/vocabulary token-split standards group; Yossi can review as first-pass candidate.,needs_follow_up,medium,,
p2_comp_020,token_split_clean_noun_standards,אמו,1 candidates; Bereishis 2:24,p2_tstd_316,data/source_skill_enrichment/standards_candidates/bereishis_perek_2_token_split_standards_candidates.tsv,Clean noun/vocabulary token-split standards group; Yossi can review as first-pass candidate.,needs_follow_up,medium,,
p2_comp_021,token_split_clean_noun_standards,ארץ,"8 candidates; Bereishis 2:1, Bereishis 2:4, Bereishis 2:5, Bereishis 2:6, Bereishis 2:11, Bereishis 2:12, Bereishis 2:13","p2_tstd_003, p2_tstd_039, p2_tstd_045, p2_tstd_064, p2_tstd_073, p2_tstd_144, p2_tstd_150, p2_tstd_165",data/source_skill_enrichment/standards_candidates/bereishis_perek_2_token_split_standards_candidates.tsv,Clean noun/vocabulary token-split standards group; Yossi can review as first-pass candidate.,needs_follow_up,medium,,
p2_comp_022,token_split_clean_noun_standards,אשה,1 candidates; Bereishis 2:23,p2_tstd_304,data/source_skill_enrichment/standards_candidates/bereishis_perek_2_token_split_standards_candidates.tsv,Clean noun/vocabulary token-split standards group; Yossi can review as first-pass candidate.,needs_follow_up,medium,,
p2_comp_023,token_split_clean_noun_standards,בדלח,1 candidates; Bereishis 2:12,p2_tstd_154,data/source_skill_enrichment/standards_candidates/bereishis_perek_2_token_split_standards_candidates.tsv,Clean noun/vocabulary token-split standards group; Yossi can review as first-pass candidate.,needs_follow_up,medium,,
p2_comp_024,token_split_clean_noun_standards,בשר,"2 candidates; Bereishis 2:21, Bereishis 2:23","p2_tstd_279, p2_tstd_300",data/source_skill_enrichment/standards_candidates/bereishis_perek_2_token_split_standards_candidates.tsv,Clean noun/vocabulary token-split standards group; Yossi can review as first-pass candidate.,needs_follow_up,medium,,
p2_comp_025,token_split_clean_noun_standards,גן,"4 candidates; Bereishis 2:8, Bereishis 2:9, Bereishis 2:10, Bereishis 2:16","p2_tstd_098, p2_tstd_121, p2_tstd_131, p2_tstd_197",data/source_skill_enrichment/standards_candidates/bereishis_perek_2_token_split_standards_candidates.tsv,Clean noun/vocabulary token-split standards group; Yossi can review as first-pass candidate.,needs_follow_up,medium,,
p2_comp_026,token_split_clean_noun_standards,זהב,"2 candidates; Bereishis 2:11, Bereishis 2:12","p2_tstd_148, p2_tstd_149",data/source_skill_enrichment/standards_candidates/bereishis_perek_2_token_split_standards_candidates.tsv,Clean noun/vocabulary token-split standards group; Yossi can review as first-pass candidate.,needs_follow_up,medium,,
p2_comp_027,token_split_clean_noun_standards,חיה,"2 candidates; Bereishis 2:7, Bereishis 2:19","p2_tstd_094, p2_tstd_250",data/source_skill_enrichment/standards_candidates/bereishis_perek_2_token_split_standards_candidates.tsv,Clean noun/vocabulary token-split standards group; Yossi can review as first-pass candidate.,needs_follow_up,medium,,
p2_comp_028,token_split_clean_noun_standards,חיים,"2 candidates; Bereishis 2:7, Bereishis 2:9","p2_tstd_090, p2_tstd_119",data/source_skill_enrichment/standards_candidates/bereishis_perek_2_token_split_standards_candidates.tsv,Clean noun/vocabulary token-split standards group; Yossi can review as first-pass candidate.,needs_follow_up,medium,,
p2_comp_029,token_split_clean_noun_standards,טוב,"5 candidates; Bereishis 2:9, Bereishis 2:12, Bereishis 2:17, Bereishis 2:18","p2_tstd_116, p2_tstd_124, p2_tstd_152, p2_tstd_202, p2_tstd_217",data/source_skill_enrichment/standards_candidates/bereishis_perek_2_token_split_standards_candidates.tsv,Clean noun/vocabulary token-split standards group; Yossi can review as first-pass candidate.,needs_follow_up,medium,,
p2_comp_030,token_split_clean_noun_standards,מות,1 candidates; Bereishis 2:17,p2_tstd_211,data/source_skill_enrichment/standards_candidates/bereishis_perek_2_token_split_standards_candidates.tsv,Clean noun/vocabulary token-split standards group; Yossi can review as first-pass candidate.,needs_follow_up,medium,,
p2_comp_031,token_split_clean_noun_standards,מלאכתו,"3 candidates; Bereishis 2:2, Bereishis 2:3","p2_tstd_010, p2_tstd_017, p2_tstd_031",data/source_skill_enrichment/standards_candidates/bereishis_perek_2_token_split_standards_candidates.tsv,Clean noun/vocabulary token-split standards group; Yossi can review as first-pass candidate.,needs_follow_up,medium,,
p2_comp_032,token_split_clean_noun_standards,נהר,"4 candidates; Bereishis 2:10, Bereishis 2:13, Bereishis 2:14","p2_tstd_126, p2_tstd_158, p2_tstd_168, p2_tstd_175",data/source_skill_enrichment/standards_candidates/bereishis_perek_2_token_split_standards_candidates.tsv,Clean noun/vocabulary token-split standards group; Yossi can review as first-pass candidate.,needs_follow_up,medium,,
p2_comp_033,token_split_clean_noun_standards,נפש,1 candidates; Bereishis 2:19,p2_tstd_249,data/source_skill_enrichment/standards_candidates/bereishis_perek_2_token_split_standards_candidates.tsv,Clean noun/vocabulary token-split standards group; Yossi can review as first-pass candidate.,needs_follow_up,medium,,
p2_comp_034,token_split_clean_noun_standards,עדן,1 candidates; Bereishis 2:15,p2_tstd_186,data/source_skill_enrichment/standards_candidates/bereishis_perek_2_token_split_standards_candidates.tsv,Clean noun/vocabulary token-split standards group; Yossi can review as first-pass candidate.,needs_follow_up,medium,,
p2_comp_035,token_split_clean_noun_standards,עזר,"2 candidates; Bereishis 2:18, Bereishis 2:20","p2_tstd_223, p2_tstd_266",data/source_skill_enrichment/standards_candidates/bereishis_perek_2_token_split_standards_candidates.tsv,Clean noun/vocabulary token-split standards group; Yossi can review as first-pass candidate.,needs_follow_up,medium,,
p2_comp_036,token_split_clean_noun_standards,עץ,"4 candidates; Bereishis 2:9, Bereishis 2:16","p2_tstd_113, p2_tstd_118, p2_tstd_122, p2_tstd_196",data/source_skill_enrichment/standards_candidates/bereishis_perek_2_token_split_standards_candidates.tsv,Clean noun/vocabulary token-split standards group; Yossi can review as first-pass candidate.,needs_follow_up,medium,,
p2_comp_037,token_split_clean_noun_standards,עשב,1 candidates; Bereishis 2:5,p2_tstd_054,data/source_skill_enrichment/standards_candidates/bereishis_perek_2_token_split_standards_candidates.tsv,Clean noun/vocabulary token-split standards group; Yossi can review as first-pass candidate.,needs_follow_up,medium,,
p2_comp_038,token_split_clean_noun_standards,צבאם,1 candidates; Bereishis 2:1,p2_tstd_005,data/source_skill_enrichment/standards_candidates/bereishis_perek_2_token_split_standards_candidates.tsv,Clean noun/vocabulary token-split standards group; Yossi can review as first-pass candidate.,needs_follow_up,medium,,
p2_comp_039,token_split_clean_noun_standards,צלע,1 candidates; Bereishis 2:22,p2_tstd_285,data/source_skill_enrichment/standards_candidates/bereishis_perek_2_token_split_standards_candidates.tsv,Clean noun/vocabulary token-split standards group; Yossi can review as first-pass candidate.,needs_follow_up,medium,,
p2_comp_040,token_split_clean_noun_standards,רע,"2 candidates; Bereishis 2:9, Bereishis 2:17","p2_tstd_125, p2_tstd_203",data/source_skill_enrichment/standards_candidates/bereishis_perek_2_token_split_standards_candidates.tsv,Clean noun/vocabulary token-split standards group; Yossi can review as first-pass candidate.,needs_follow_up,medium,,
p2_comp_041,token_split_clean_noun_standards,שביעי,"3 candidates; Bereishis 2:2, Bereishis 2:3","p2_tstd_009, p2_tstd_015, p2_tstd_024",data/source_skill_enrichment/standards_candidates/bereishis_perek_2_token_split_standards_candidates.tsv,Clean noun/vocabulary token-split standards group; Yossi can review as first-pass candidate.,needs_follow_up,medium,,
p2_comp_042,token_split_clean_noun_standards,שדה,"4 candidates; Bereishis 2:5, Bereishis 2:19, Bereishis 2:20","p2_tstd_049, p2_tstd_055, p2_tstd_232, p2_tstd_262",data/source_skill_enrichment/standards_candidates/bereishis_perek_2_token_split_standards_candidates.tsv,Clean noun/vocabulary token-split standards group; Yossi can review as first-pass candidate.,needs_follow_up,medium,,
p2_comp_043,token_split_clean_noun_standards,שם,"6 candidates; Bereishis 2:8, Bereishis 2:11, Bereishis 2:12, Bereishis 2:13, Bereishis 2:14","p2_tstd_102, p2_tstd_137, p2_tstd_147, p2_tstd_153, p2_tstd_157, p2_tstd_167",data/source_skill_enrichment/standards_candidates/bereishis_perek_2_token_split_standards_candidates.tsv,Clean noun/vocabulary token-split standards group; Yossi can review as first-pass candidate.,needs_follow_up,medium,,
p2_comp_044,token_split_clean_noun_standards,שמים,"5 candidates; Bereishis 2:1, Bereishis 2:4, Bereishis 2:19, Bereishis 2:20","p2_tstd_002, p2_tstd_038, p2_tstd_046, p2_tstd_236, p2_tstd_259",data/source_skill_enrichment/standards_candidates/bereishis_perek_2_token_split_standards_candidates.tsv,Clean noun/vocabulary token-split standards group; Yossi can review as first-pass candidate.,needs_follow_up,medium,,
p2_comp_045,token_split_function_word_follow_up,את / direct-object marker,"13 candidates; Bereishis 2:3, Bereishis 2:5, Bereishis 2:6, Bereishis 2:7, Bereishis 2:8, Bereishis 2:10, Bereishis 2:11, Bereishis 2:13 (+4 more refs)","p2_tstd_022, p2_tstd_068, p2_tstd_075, p2_tstd_082, p2_tstd_103, p2_tstd_130, p2_tstd_142, p2_tstd_163, p2_tstd_182, p2_tstd_233, +3 more",data/source_skill_enrichment/standards_candidates/bereishis_perek_2_token_split_standards_candidates.tsv,"Function-word token-split row; must be reviewed as function, not translation.",needs_follow_up,high,,
p2_comp_046,token_split_general_context_follow_up,אחד,1 candidates; Bereishis 2:24,p2_tstd_321,data/source_skill_enrichment/standards_candidates/bereishis_perek_2_token_split_standards_candidates.tsv,General token-split standards group; review before applying any enrichment decision.,needs_follow_up,medium,,
p2_comp_047,token_split_general_context_follow_up,אחת,1 candidates; Bereishis 2:21,p2_tstd_276,data/source_skill_enrichment/standards_candidates/bereishis_perek_2_token_split_standards_candidates.tsv,General token-split standards group; review before applying any enrichment decision.,needs_follow_up,medium,,
p2_comp_048,token_split_general_context_follow_up,אין,1 candidates; Bereishis 2:5,p2_tstd_066,data/source_skill_enrichment/standards_candidates/bereishis_perek_2_token_split_standards_candidates.tsv,General token-split standards group; review before applying any enrichment decision.,needs_follow_up,medium,,
p2_comp_049,token_split_general_context_follow_up,אכל,"2 candidates; Bereishis 2:16, Bereishis 2:17","p2_tstd_198, p2_tstd_209",data/source_skill_enrichment/standards_candidates/bereishis_perek_2_token_split_standards_candidates.tsv,General token-split standards group; review before applying any enrichment decision.,needs_follow_up,medium,,
p2_comp_050,token_split_general_context_follow_up,אלה,"14 candidates; Bereishis 2:2, Bereishis 2:3, Bereishis 2:4, Bereishis 2:5, Bereishis 2:7, Bereishis 2:8, Bereishis 2:9, Bereishis 2:15 (+5 more refs)","p2_tstd_007, p2_tstd_021, p2_tstd_034, p2_tstd_044, p2_tstd_062, p2_tstd_081, p2_tstd_097, p2_tstd_109, p2_tstd_181, p2_tstd_191, +4 more",data/source_skill_enrichment/standards_candidates/bereishis_perek_2_token_split_standards_candidates.tsv,General token-split standards group; review before applying any enrichment decision.,needs_follow_up,medium,,
p2_comp_051,token_split_general_context_follow_up,אעש,1 candidates; Bereishis 2:18,p2_tstd_221,data/source_skill_enrichment/standards_candidates/bereishis_perek_2_token_split_standards_candidates.tsv,General token-split standards group; review before applying any enrichment decision.,needs_follow_up,medium,,
p2_comp_052,token_split_general_context_follow_up,אשו,1 candidates; Bereishis 2:14,p2_tstd_174,data/source_skill_enrichment/standards_candidates/bereishis_perek_2_token_split_standards_candidates.tsv,General token-split standards group; review before applying any enrichment decision.,needs_follow_up,medium,,
p2_comp_053,token_split_general_context_follow_up,אתו,1 candidates; Bereishis 2:3,p2_tstd_026,data/source_skill_enrichment/standards_candidates/bereishis_perek_2_token_split_standards_candidates.tsv,General token-split standards group; review before applying any enrichment decision.,needs_follow_up,medium,,
p2_comp_054,token_split_general_context_follow_up,גיח,1 candidates; Bereishis 2:13,p2_tstd_160,data/source_skill_enrichment/standards_candidates/bereishis_perek_2_token_split_standards_candidates.tsv,General token-split standards group; review before applying any enrichment decision.,needs_follow_up,medium,,
p2_comp_055,token_split_general_context_follow_up,זאת,2 candidates; Bereishis 2:23,"p2_tstd_296, p2_tstd_308",data/source_skill_enrichment/standards_candidates/bereishis_perek_2_token_split_standards_candidates.tsv,General token-split standards group; review before applying any enrichment decision.,needs_follow_up,medium,,
p2_comp_056,token_split_general_context_follow_up,חדק,1 candidates; Bereishis 2:14,p2_tstd_170,data/source_skill_enrichment/standards_candidates/bereishis_perek_2_token_split_standards_candidates.tsv,General token-split standards group; review before applying any enrichment decision.,needs_follow_up,medium,,
p2_comp_057,token_split_general_context_follow_up,חית,"2 candidates; Bereishis 2:19, Bereishis 2:20","p2_tstd_231, p2_tstd_261",data/source_skill_enrichment/standards_candidates/bereishis_perek_2_token_split_standards_candidates.tsv,General token-split standards group; review before applying any enrichment decision.,needs_follow_up,medium,,
p2_comp_058,token_split_general_context_follow_up,טרם,2 candidates; Bereishis 2:5,"p2_tstd_050, p2_tstd_056",data/source_skill_enrichment/standards_candidates/bereishis_perek_2_token_split_standards_candidates.tsv,General token-split standards group; review before applying any enrichment decision.,needs_follow_up,medium,,
p2_comp_059,token_split_general_context_follow_up,נחמ,1 candidates; Bereishis 2:9,p2_tstd_114,data/source_skill_enrichment/standards_candidates/bereishis_perek_2_token_split_standards_candidates.tsv,General token-split standards group; review before applying any enrichment decision.,needs_follow_up,medium,,
p2_comp_060,token_split_general_context_follow_up,נשמ,1 candidates; Bereishis 2:7,p2_tstd_089,data/source_skill_enrichment/standards_candidates/bereishis_perek_2_token_split_standards_candidates.tsv,General token-split standards group; review before applying any enrichment decision.,needs_follow_up,medium,,
p2_comp_061,token_split_general_context_follow_up,עוף,1 candidates; Bereishis 2:19,p2_tstd_235,data/source_skill_enrichment/standards_candidates/bereishis_perek_2_token_split_standards_candidates.tsv,General token-split standards group; review before applying any enrichment decision.,needs_follow_up,medium,,
p2_comp_062,token_split_general_context_follow_up,עפר,1 candidates; Bereishis 2:7,p2_tstd_084,data/source_skill_enrichment/standards_candidates/bereishis_perek_2_token_split_standards_candidates.tsv,General token-split standards group; review before applying any enrichment decision.,needs_follow_up,medium,,
p2_comp_063,token_split_general_context_follow_up,עצם,1 candidates; Bereishis 2:23,p2_tstd_298,data/source_skill_enrichment/standards_candidates/bereishis_perek_2_token_split_standards_candidates.tsv,General token-split standards group; review before applying any enrichment decision.,needs_follow_up,medium,,
p2_comp_064,token_split_general_context_follow_up,ערו,1 candidates; Bereishis 2:25,p2_tstd_324,data/source_skill_enrichment/standards_candidates/bereishis_perek_2_token_split_standards_candidates.tsv,General token-split standards group; review before applying any enrichment decision.,needs_follow_up,medium,,
p2_comp_065,token_split_general_context_follow_up,עשה,2 candidates; Bereishis 2:2,"p2_tstd_012, p2_tstd_019",data/source_skill_enrichment/standards_candidates/bereishis_perek_2_token_split_standards_candidates.tsv,General token-split standards group; review before applying any enrichment decision.,needs_follow_up,medium,,
p2_comp_066,token_split_general_context_follow_up,עשו,1 candidates; Bereishis 2:4,p2_tstd_042,data/source_skill_enrichment/standards_candidates/bereishis_perek_2_token_split_standards_candidates.tsv,General token-split standards group; review before applying any enrichment decision.,needs_follow_up,medium,,
p2_comp_067,token_split_general_context_follow_up,פיש,1 candidates; Bereishis 2:11,p2_tstd_139,data/source_skill_enrichment/standards_candidates/bereishis_perek_2_token_split_standards_candidates.tsv,General token-split standards group; review before applying any enrichment decision.,needs_follow_up,medium,,
p2_comp_068,token_split_general_context_follow_up,פני,1 candidates; Bereishis 2:6,p2_tstd_077,data/source_skill_enrichment/standards_candidates/bereishis_perek_2_token_split_standards_candidates.tsv,General token-split standards group; review before applying any enrichment decision.,needs_follow_up,medium,,
p2_comp_069,token_split_general_context_follow_up,פרת,1 candidates; Bereishis 2:14,p2_tstd_178,data/source_skill_enrichment/standards_candidates/bereishis_perek_2_token_split_standards_candidates.tsv,General token-split standards group; review before applying any enrichment decision.,needs_follow_up,medium,,
p2_comp_070,token_split_general_context_follow_up,קדמ,1 candidates; Bereishis 2:14,p2_tstd_173,data/source_skill_enrichment/standards_candidates/bereishis_perek_2_token_split_standards_candidates.tsv,General token-split standards group; review before applying any enrichment decision.,needs_follow_up,medium,,
p2_comp_071,token_split_general_context_follow_up,ראש,1 candidates; Bereishis 2:10,p2_tstd_136,data/source_skill_enrichment/standards_candidates/bereishis_perek_2_token_split_standards_candidates.tsv,General token-split standards group; review before applying any enrichment decision.,needs_follow_up,medium,,
p2_comp_072,token_split_prefix_preposition_follow_up,א,"9 candidates; Bereishis 2:2, Bereishis 2:3, Bereishis 2:8, Bereishis 2:11, Bereishis 2:19, Bereishis 2:22","p2_tstd_011, p2_tstd_018, p2_tstd_032, p2_tstd_105, p2_tstd_146, p2_tstd_238, p2_tstd_245, p2_tstd_286, p2_tstd_292",data/source_skill_enrichment/standards_candidates/bereishis_perek_2_token_split_standards_candidates.tsv,Prefix/preposition/function-word token-split row; follow-up before any eligibility use.,needs_follow_up,high,,
p2_comp_073,token_split_prefix_preposition_follow_up,ב,"13 candidates; Bereishis 2:2, Bereishis 2:3, Bereishis 2:4, Bereishis 2:5, Bereishis 2:7, Bereishis 2:8, Bereishis 2:9, Bereishis 2:15 (+2 more refs)","p2_tstd_008, p2_tstd_014, p2_tstd_028, p2_tstd_033, p2_tstd_040, p2_tstd_041, p2_tstd_052, p2_tstd_088, p2_tstd_099, p2_tstd_120, +3 more",data/source_skill_enrichment/standards_candidates/bereishis_perek_2_token_split_standards_candidates.tsv,Prefix/preposition/function-word token-split row; follow-up before any eligibility use.,needs_follow_up,high,,
p2_comp_074,token_split_prefix_preposition_follow_up,ה,"21 candidates; Bereishis 2:5, Bereishis 2:9, Bereishis 2:11, Bereishis 2:12, Bereishis 2:13, Bereishis 2:14, Bereishis 2:17, Bereishis 2:18 (+3 more refs)","p2_tstd_060, p2_tstd_123, p2_tstd_138, p2_tstd_140, p2_tstd_141, p2_tstd_145, p2_tstd_151, p2_tstd_156, p2_tstd_159, p2_tstd_161, +11 more",data/source_skill_enrichment/standards_candidates/bereishis_perek_2_token_split_standards_candidates.tsv,Prefix/preposition/function-word token-split row; follow-up before any eligibility use.,needs_follow_up,high,,
p2_comp_075,token_split_prefix_preposition_follow_up,ו,"17 candidates; Bereishis 2:1, Bereishis 2:5, Bereishis 2:6, Bereishis 2:10, Bereishis 2:15, Bereishis 2:17, Bereishis 2:19, Bereishis 2:20 (+2 more refs)","p2_tstd_004, p2_tstd_047, p2_tstd_053, p2_tstd_070, p2_tstd_074, p2_tstd_132, p2_tstd_134, p2_tstd_188, p2_tstd_200, p2_tstd_244, +7 more",data/source_skill_enrichment/standards_candidates/bereishis_perek_2_token_split_standards_candidates.tsv,Prefix/preposition/function-word token-split row; follow-up before any eligibility use.,needs_follow_up,high,,
p2_comp_076,token_split_prefix_preposition_follow_up,כ,"14 candidates; Bereishis 2:3, Bereishis 2:5, Bereishis 2:6, Bereishis 2:9, Bereishis 2:11, Bereishis 2:13, Bereishis 2:17, Bereishis 2:18 (+4 more refs)","p2_tstd_027, p2_tstd_058, p2_tstd_076, p2_tstd_112, p2_tstd_143, p2_tstd_164, p2_tstd_166, p2_tstd_207, p2_tstd_224, p2_tstd_230, +4 more",data/source_skill_enrichment/standards_candidates/bereishis_perek_2_token_split_standards_candidates.tsv,Prefix/preposition/function-word token-split row; follow-up before any eligibility use.,needs_follow_up,high,,
p2_comp_077,token_split_prefix_preposition_follow_up,ל,"24 candidates; Bereishis 2:3, Bereishis 2:5, Bereishis 2:7, Bereishis 2:9, Bereishis 2:10, Bereishis 2:15, Bereishis 2:16, Bereishis 2:17 (+6 more refs)","p2_tstd_035, p2_tstd_059, p2_tstd_067, p2_tstd_093, p2_tstd_115, p2_tstd_117, p2_tstd_129, p2_tstd_135, p2_tstd_187, p2_tstd_194, +14 more",data/source_skill_enrichment/standards_candidates/bereishis_perek_2_token_split_standards_candidates.tsv,Prefix/preposition/function-word token-split row; follow-up before any eligibility use.,needs_follow_up,high,,
p2_comp_078,token_split_prefix_preposition_follow_up,מ,"18 candidates; Bereishis 2:2, Bereishis 2:3, Bereishis 2:6, Bereishis 2:7, Bereishis 2:8, Bereishis 2:9, Bereishis 2:10, Bereishis 2:16 (+6 more refs)","p2_tstd_016, p2_tstd_030, p2_tstd_072, p2_tstd_085, p2_tstd_100, p2_tstd_110, p2_tstd_128, p2_tstd_195, p2_tstd_206, p2_tstd_210, +8 more",data/source_skill_enrichment/standards_candidates/bereishis_perek_2_token_split_standards_candidates.tsv,Prefix/preposition/function-word token-split row; follow-up before any eligibility use.,needs_follow_up,high,,
p2_comp_079,token_split_prefix_preposition_follow_up,ע,"4 candidates; Bereishis 2:5, Bereishis 2:16, Bereishis 2:21, Bereishis 2:24","p2_tstd_063, p2_tstd_192, p2_tstd_272, p2_tstd_309",data/source_skill_enrichment/standards_candidates/bereishis_perek_2_token_split_standards_candidates.tsv,Prefix/preposition/function-word token-split row; follow-up before any eligibility use.,needs_follow_up,high,,
p2_comp_080,token_split_prefix_preposition_follow_up,ש,"5 candidates; Bereishis 2:3, Bereishis 2:5, Bereishis 2:19, Bereishis 2:20, Bereishis 2:25","p2_tstd_029, p2_tstd_048, p2_tstd_252, p2_tstd_255, p2_tstd_323",data/source_skill_enrichment/standards_candidates/bereishis_perek_2_token_split_standards_candidates.tsv,Prefix/preposition/function-word token-split row; follow-up before any eligibility use.,needs_follow_up,high,,
p2_comp_081,token_split_verb_form_follow_up,verb-form-sensitive token-split rows,"55 candidates; Bereishis 2:1, Bereishis 2:2, Bereishis 2:3, Bereishis 2:4, Bereishis 2:5, Bereishis 2:6, Bereishis 2:7, Bereishis 2:8 (+13 more refs)","p2_tstd_001, p2_tstd_006, p2_tstd_013, p2_tstd_020, p2_tstd_023, p2_tstd_025, p2_tstd_037, p2_tstd_043, p2_tstd_051, p2_tstd_057, +45 more",data/source_skill_enrichment/standards_candidates/bereishis_perek_2_token_split_standards_candidates.tsv,Verb-form-sensitive token-split standards require follow-up.,needs_follow_up,high,,
p2_comp_082,ambiguous_context_heavy_vocabulary,אחד,1 candidates; Bereishis 2:24,p2_vocab_321,data/source_skill_enrichment/vocabulary_shoresh_candidates/bereishis_perek_2_vocabulary_shoresh_candidates.tsv,Context-heavy or low-evidence vocabulary/shoresh candidate; keep follow-up for first pass.,needs_follow_up,high,,
p2_comp_083,ambiguous_context_heavy_vocabulary,אחת,1 candidates; Bereishis 2:21,p2_vocab_276,data/source_skill_enrichment/vocabulary_shoresh_candidates/bereishis_perek_2_vocabulary_shoresh_candidates.tsv,Context-heavy or low-evidence vocabulary/shoresh candidate; keep follow-up for first pass.,needs_follow_up,high,,
p2_comp_084,ambiguous_context_heavy_vocabulary,אין,1 candidates; Bereishis 2:5,p2_vocab_066,data/source_skill_enrichment/vocabulary_shoresh_candidates/bereishis_perek_2_vocabulary_shoresh_candidates.tsv,Context-heavy or low-evidence vocabulary/shoresh candidate; keep follow-up for first pass.,needs_follow_up,high,,
p2_comp_085,ambiguous_context_heavy_vocabulary,אכל,"2 candidates; Bereishis 2:16, Bereishis 2:17","p2_vocab_198, p2_vocab_209",data/source_skill_enrichment/vocabulary_shoresh_candidates/bereishis_perek_2_vocabulary_shoresh_candidates.tsv,Context-heavy or low-evidence vocabulary/shoresh candidate; keep follow-up for first pass.,needs_follow_up,high,,
p2_comp_086,ambiguous_context_heavy_vocabulary,אלה,"14 candidates; Bereishis 2:2, Bereishis 2:3, Bereishis 2:4, Bereishis 2:5, Bereishis 2:7, Bereishis 2:8, Bereishis 2:9, Bereishis 2:15 (+5 more refs)","p2_vocab_007, p2_vocab_021, p2_vocab_034, p2_vocab_044, p2_vocab_062, p2_vocab_081, p2_vocab_097, p2_vocab_109, p2_vocab_181, p2_vocab_191, +4 more",data/source_skill_enrichment/vocabulary_shoresh_candidates/bereishis_perek_2_vocabulary_shoresh_candidates.tsv,Context-heavy or low-evidence vocabulary/shoresh candidate; keep follow-up for first pass.,needs_follow_up,high,,
p2_comp_087,ambiguous_context_heavy_vocabulary,אעש,1 candidates; Bereishis 2:18,p2_vocab_221,data/source_skill_enrichment/vocabulary_shoresh_candidates/bereishis_perek_2_vocabulary_shoresh_candidates.tsv,Context-heavy or low-evidence vocabulary/shoresh candidate; keep follow-up for first pass.,needs_follow_up,high,,
p2_comp_088,ambiguous_context_heavy_vocabulary,אשו,1 candidates; Bereishis 2:14,p2_vocab_174,data/source_skill_enrichment/vocabulary_shoresh_candidates/bereishis_perek_2_vocabulary_shoresh_candidates.tsv,Context-heavy or low-evidence vocabulary/shoresh candidate; keep follow-up for first pass.,needs_follow_up,high,,
p2_comp_089,ambiguous_context_heavy_vocabulary,אתו,1 candidates; Bereishis 2:3,p2_vocab_026,data/source_skill_enrichment/vocabulary_shoresh_candidates/bereishis_perek_2_vocabulary_shoresh_candidates.tsv,Context-heavy or low-evidence vocabulary/shoresh candidate; keep follow-up for first pass.,needs_follow_up,high,,
p2_comp_090,ambiguous_context_heavy_vocabulary,גיח,1 candidates; Bereishis 2:13,p2_vocab_160,data/source_skill_enrichment/vocabulary_shoresh_candidates/bereishis_perek_2_vocabulary_shoresh_candidates.tsv,Context-heavy or low-evidence vocabulary/shoresh candidate; keep follow-up for first pass.,needs_follow_up,high,,
p2_comp_091,ambiguous_context_heavy_vocabulary,זאת,2 candidates; Bereishis 2:23,"p2_vocab_296, p2_vocab_308",data/source_skill_enrichment/vocabulary_shoresh_candidates/bereishis_perek_2_vocabulary_shoresh_candidates.tsv,Context-heavy or low-evidence vocabulary/shoresh candidate; keep follow-up for first pass.,needs_follow_up,high,,
p2_comp_092,ambiguous_context_heavy_vocabulary,חדק,1 candidates; Bereishis 2:14,p2_vocab_170,data/source_skill_enrichment/vocabulary_shoresh_candidates/bereishis_perek_2_vocabulary_shoresh_candidates.tsv,Context-heavy or low-evidence vocabulary/shoresh candidate; keep follow-up for first pass.,needs_follow_up,high,,
p2_comp_093,ambiguous_context_heavy_vocabulary,חית,"2 candidates; Bereishis 2:19, Bereishis 2:20","p2_vocab_231, p2_vocab_261",data/source_skill_enrichment/vocabulary_shoresh_candidates/bereishis_perek_2_vocabulary_shoresh_candidates.tsv,Context-heavy or low-evidence vocabulary/shoresh candidate; keep follow-up for first pass.,needs_follow_up,high,,
p2_comp_094,ambiguous_context_heavy_vocabulary,טרם,2 candidates; Bereishis 2:5,"p2_vocab_050, p2_vocab_056",data/source_skill_enrichment/vocabulary_shoresh_candidates/bereishis_perek_2_vocabulary_shoresh_candidates.tsv,Context-heavy or low-evidence vocabulary/shoresh candidate; keep follow-up for first pass.,needs_follow_up,high,,
p2_comp_095,ambiguous_context_heavy_vocabulary,יהו,"11 candidates; Bereishis 2:4, Bereishis 2:5, Bereishis 2:7, Bereishis 2:8, Bereishis 2:9, Bereishis 2:15, Bereishis 2:16, Bereishis 2:18 (+3 more refs)","p2_vocab_043, p2_vocab_061, p2_vocab_080, p2_vocab_096, p2_vocab_108, p2_vocab_180, p2_vocab_190, p2_vocab_214, p2_vocab_226, p2_vocab_269, +1 more",data/source_skill_enrichment/vocabulary_shoresh_candidates/bereishis_perek_2_vocabulary_shoresh_candidates.tsv,Context-heavy or low-evidence vocabulary/shoresh candidate; keep follow-up for first pass.,needs_follow_up,high,,
p2_comp_096,ambiguous_context_heavy_vocabulary,יהי,1 candidates; Bereishis 2:5,p2_vocab_051,data/source_skill_enrichment/vocabulary_shoresh_candidates/bereishis_perek_2_vocabulary_shoresh_candidates.tsv,Context-heavy or low-evidence vocabulary/shoresh candidate; keep follow-up for first pass.,needs_follow_up,high,,
p2_comp_097,ambiguous_context_heavy_vocabulary,יעז,1 candidates; Bereishis 2:24,p2_vocab_311,data/source_skill_enrichment/vocabulary_shoresh_candidates/bereishis_perek_2_vocabulary_shoresh_candidates.tsv,Context-heavy or low-evidence vocabulary/shoresh candidate; keep follow-up for first pass.,needs_follow_up,high,,
p2_comp_098,ambiguous_context_heavy_vocabulary,יעל,1 candidates; Bereishis 2:6,p2_vocab_071,data/source_skill_enrichment/vocabulary_shoresh_candidates/bereishis_perek_2_vocabulary_shoresh_candidates.tsv,Context-heavy or low-evidence vocabulary/shoresh candidate; keep follow-up for first pass.,needs_follow_up,high,,
p2_comp_099,ambiguous_context_heavy_vocabulary,יפר,1 candidates; Bereishis 2:10,p2_vocab_133,data/source_skill_enrichment/vocabulary_shoresh_candidates/bereishis_perek_2_vocabulary_shoresh_candidates.tsv,Context-heavy or low-evidence vocabulary/shoresh candidate; keep follow-up for first pass.,needs_follow_up,high,,
p2_comp_100,ambiguous_context_heavy_vocabulary,יצא,1 candidates; Bereishis 2:10,p2_vocab_127,data/source_skill_enrichment/vocabulary_shoresh_candidates/bereishis_perek_2_vocabulary_shoresh_candidates.tsv,Context-heavy or low-evidence vocabulary/shoresh candidate; keep follow-up for first pass.,needs_follow_up,high,,
p2_comp_101,ambiguous_context_heavy_vocabulary,יצמ,1 candidates; Bereishis 2:5,p2_vocab_057,data/source_skill_enrichment/vocabulary_shoresh_candidates/bereishis_perek_2_vocabulary_shoresh_candidates.tsv,Context-heavy or low-evidence vocabulary/shoresh candidate; keep follow-up for first pass.,needs_follow_up,high,,
p2_comp_102,ambiguous_context_heavy_vocabulary,יקר,"3 candidates; Bereishis 2:19, Bereishis 2:23","p2_vocab_242, p2_vocab_246, p2_vocab_303",data/source_skill_enrichment/vocabulary_shoresh_candidates/bereishis_perek_2_vocabulary_shoresh_candidates.tsv,Context-heavy or low-evidence vocabulary/shoresh candidate; keep follow-up for first pass.,needs_follow_up,high,,
p2_comp_103,ambiguous_context_heavy_vocabulary,יתב,1 candidates; Bereishis 2:25,p2_vocab_328,data/source_skill_enrichment/vocabulary_shoresh_candidates/bereishis_perek_2_vocabulary_shoresh_candidates.tsv,Context-heavy or low-evidence vocabulary/shoresh candidate; keep follow-up for first pass.,needs_follow_up,high,,
p2_comp_104,ambiguous_context_heavy_vocabulary,נחמ,1 candidates; Bereishis 2:9,p2_vocab_114,data/source_skill_enrichment/vocabulary_shoresh_candidates/bereishis_perek_2_vocabulary_shoresh_candidates.tsv,Context-heavy or low-evidence vocabulary/shoresh candidate; keep follow-up for first pass.,needs_follow_up,high,,
p2_comp_105,ambiguous_context_heavy_vocabulary,נשמ,1 candidates; Bereishis 2:7,p2_vocab_089,data/source_skill_enrichment/vocabulary_shoresh_candidates/bereishis_perek_2_vocabulary_shoresh_candidates.tsv,Context-heavy or low-evidence vocabulary/shoresh candidate; keep follow-up for first pass.,needs_follow_up,high,,
p2_comp_106,ambiguous_context_heavy_vocabulary,עוף,1 candidates; Bereishis 2:19,p2_vocab_235,data/source_skill_enrichment/vocabulary_shoresh_candidates/bereishis_perek_2_vocabulary_shoresh_candidates.tsv,Context-heavy or low-evidence vocabulary/shoresh candidate; keep follow-up for first pass.,needs_follow_up,high,,
p2_comp_107,ambiguous_context_heavy_vocabulary,עפר,1 candidates; Bereishis 2:7,p2_vocab_084,data/source_skill_enrichment/vocabulary_shoresh_candidates/bereishis_perek_2_vocabulary_shoresh_candidates.tsv,Context-heavy or low-evidence vocabulary/shoresh candidate; keep follow-up for first pass.,needs_follow_up,high,,
p2_comp_108,ambiguous_context_heavy_vocabulary,עצם,1 candidates; Bereishis 2:23,p2_vocab_298,data/source_skill_enrichment/vocabulary_shoresh_candidates/bereishis_perek_2_vocabulary_shoresh_candidates.tsv,Context-heavy or low-evidence vocabulary/shoresh candidate; keep follow-up for first pass.,needs_follow_up,high,,
p2_comp_109,ambiguous_context_heavy_vocabulary,ערו,1 candidates; Bereishis 2:25,p2_vocab_324,data/source_skill_enrichment/vocabulary_shoresh_candidates/bereishis_perek_2_vocabulary_shoresh_candidates.tsv,Context-heavy or low-evidence vocabulary/shoresh candidate; keep follow-up for first pass.,needs_follow_up,high,,
p2_comp_110,ambiguous_context_heavy_vocabulary,עשו,1 candidates; Bereishis 2:4,p2_vocab_042,data/source_skill_enrichment/vocabulary_shoresh_candidates/bereishis_perek_2_vocabulary_shoresh_candidates.tsv,Context-heavy or low-evidence vocabulary/shoresh candidate; keep follow-up for first pass.,needs_follow_up,high,,
p2_comp_111,ambiguous_context_heavy_vocabulary,פיש,1 candidates; Bereishis 2:11,p2_vocab_139,data/source_skill_enrichment/vocabulary_shoresh_candidates/bereishis_perek_2_vocabulary_shoresh_candidates.tsv,Context-heavy or low-evidence vocabulary/shoresh candidate; keep follow-up for first pass.,needs_follow_up,high,,
p2_comp_112,ambiguous_context_heavy_vocabulary,פני,1 candidates; Bereishis 2:6,p2_vocab_077,data/source_skill_enrichment/vocabulary_shoresh_candidates/bereishis_perek_2_vocabulary_shoresh_candidates.tsv,Context-heavy or low-evidence vocabulary/shoresh candidate; keep follow-up for first pass.,needs_follow_up,high,,
p2_comp_113,ambiguous_context_heavy_vocabulary,פרת,1 candidates; Bereishis 2:14,p2_vocab_178,data/source_skill_enrichment/vocabulary_shoresh_candidates/bereishis_perek_2_vocabulary_shoresh_candidates.tsv,Context-heavy or low-evidence vocabulary/shoresh candidate; keep follow-up for first pass.,needs_follow_up,high,,
p2_comp_114,ambiguous_context_heavy_vocabulary,קדמ,1 candidates; Bereishis 2:14,p2_vocab_173,data/source_skill_enrichment/vocabulary_shoresh_candidates/bereishis_perek_2_vocabulary_shoresh_candidates.tsv,Context-heavy or low-evidence vocabulary/shoresh candidate; keep follow-up for first pass.,needs_follow_up,high,,
p2_comp_115,ambiguous_context_heavy_vocabulary,ראש,1 candidates; Bereishis 2:10,p2_vocab_136,data/source_skill_enrichment/vocabulary_shoresh_candidates/bereishis_perek_2_vocabulary_shoresh_candidates.tsv,Context-heavy or low-evidence vocabulary/shoresh candidate; keep follow-up for first pass.,needs_follow_up,high,,
p2_comp_116,ambiguous_context_heavy_vocabulary,תאכ,"2 candidates; Bereishis 2:16, Bereishis 2:17","p2_vocab_199, p2_vocab_205",data/source_skill_enrichment/vocabulary_shoresh_candidates/bereishis_perek_2_vocabulary_shoresh_candidates.tsv,Context-heavy or low-evidence vocabulary/shoresh candidate; keep follow-up for first pass.,needs_follow_up,high,,
p2_comp_117,ambiguous_context_heavy_vocabulary,תחת,1 candidates; Bereishis 2:21,p2_vocab_280,data/source_skill_enrichment/vocabulary_shoresh_candidates/bereishis_perek_2_vocabulary_shoresh_candidates.tsv,Context-heavy or low-evidence vocabulary/shoresh candidate; keep follow-up for first pass.,needs_follow_up,high,,
p2_comp_118,ambiguous_context_heavy_vocabulary,תמו,1 candidates; Bereishis 2:17,p2_vocab_212,data/source_skill_enrichment/vocabulary_shoresh_candidates/bereishis_perek_2_vocabulary_shoresh_candidates.tsv,Context-heavy or low-evidence vocabulary/shoresh candidate; keep follow-up for first pass.,needs_follow_up,high,,
p2_comp_119,ambiguous_context_heavy_vocabulary,תרד,1 candidates; Bereishis 2:21,p2_vocab_271,data/source_skill_enrichment/vocabulary_shoresh_candidates/bereishis_perek_2_vocabulary_shoresh_candidates.tsv,Context-heavy or low-evidence vocabulary/shoresh candidate; keep follow-up for first pass.,needs_follow_up,high,,
p2_comp_120,clean_shoresh_group,ברא,1 candidates; Bereishis 2:3,p2_vocab_033,data/source_skill_enrichment/vocabulary_shoresh_candidates/bereishis_perek_2_vocabulary_shoresh_candidates.tsv,Shoresh-looking token; root evidence must be reviewed before any eligibility use.,needs_follow_up,medium,,
p2_comp_121,clean_shoresh_group,הלך,1 candidates; Bereishis 2:14,p2_vocab_172,data/source_skill_enrichment/vocabulary_shoresh_candidates/bereishis_perek_2_vocabulary_shoresh_candidates.tsv,Shoresh-looking token; root evidence must be reviewed before any eligibility use.,needs_follow_up,medium,,
p2_comp_122,clean_shoresh_group,חיה,"2 candidates; Bereishis 2:7, Bereishis 2:19","p2_vocab_094, p2_vocab_250",data/source_skill_enrichment/vocabulary_shoresh_candidates/bereishis_perek_2_vocabulary_shoresh_candidates.tsv,Shoresh-looking token; root evidence must be reviewed before any eligibility use.,needs_follow_up,medium,,
p2_comp_123,clean_shoresh_group,יצר,"2 candidates; Bereishis 2:8, Bereishis 2:19","p2_vocab_106, p2_vocab_225",data/source_skill_enrichment/vocabulary_shoresh_candidates/bereishis_perek_2_vocabulary_shoresh_candidates.tsv,Shoresh-looking token; root evidence must be reviewed before any eligibility use.,needs_follow_up,medium,,
p2_comp_124,clean_shoresh_group,לקח,1 candidates; Bereishis 2:22,p2_vocab_287,data/source_skill_enrichment/vocabulary_shoresh_candidates/bereishis_perek_2_vocabulary_shoresh_candidates.tsv,Shoresh-looking token; root evidence must be reviewed before any eligibility use.,needs_follow_up,medium,,
p2_comp_125,clean_shoresh_group,מות,1 candidates; Bereishis 2:17,p2_vocab_211,data/source_skill_enrichment/vocabulary_shoresh_candidates/bereishis_perek_2_vocabulary_shoresh_candidates.tsv,Shoresh-looking token; root evidence must be reviewed before any eligibility use.,needs_follow_up,medium,,
p2_comp_126,clean_shoresh_group,עשה,2 candidates; Bereishis 2:2,"p2_vocab_012, p2_vocab_019",data/source_skill_enrichment/vocabulary_shoresh_candidates/bereishis_perek_2_vocabulary_shoresh_candidates.tsv,Shoresh-looking token; root evidence must be reviewed before any eligibility use.,needs_follow_up,medium,,
p2_comp_127,clean_vocabulary_noun_group,אביו,1 candidates; Bereishis 2:24,p2_vocab_314,data/source_skill_enrichment/vocabulary_shoresh_candidates/bereishis_perek_2_vocabulary_shoresh_candidates.tsv,Likely noun/vocabulary group; meaning/category still needs Yossi review before verification.,needs_follow_up,medium,,
p2_comp_128,clean_vocabulary_noun_group,אבן,1 candidates; Bereishis 2:12,p2_vocab_155,data/source_skill_enrichment/vocabulary_shoresh_candidates/bereishis_perek_2_vocabulary_shoresh_candidates.tsv,Likely noun/vocabulary group; meaning/category still needs Yossi review before verification.,needs_follow_up,medium,,
p2_comp_129,clean_vocabulary_noun_group,אדם,"15 candidates; Bereishis 2:5, Bereishis 2:7, Bereishis 2:8, Bereishis 2:15, Bereishis 2:16, Bereishis 2:18, Bereishis 2:19, Bereishis 2:20 (+4 more refs)","p2_vocab_065, p2_vocab_083, p2_vocab_092, p2_vocab_104, p2_vocab_183, p2_vocab_193, p2_vocab_219, p2_vocab_239, p2_vocab_248, p2_vocab_254, +5 more",data/source_skill_enrichment/vocabulary_shoresh_candidates/bereishis_perek_2_vocabulary_shoresh_candidates.tsv,Likely noun/vocabulary group; meaning/category still needs Yossi review before verification.,needs_follow_up,medium,,
p2_comp_130,clean_vocabulary_noun_group,אדמה,"5 candidates; Bereishis 2:5, Bereishis 2:6, Bereishis 2:7, Bereishis 2:9, Bereishis 2:19","p2_vocab_069, p2_vocab_078, p2_vocab_086, p2_vocab_111, p2_vocab_229",data/source_skill_enrichment/vocabulary_shoresh_candidates/bereishis_perek_2_vocabulary_shoresh_candidates.tsv,Likely noun/vocabulary group; meaning/category still needs Yossi review before verification.,needs_follow_up,medium,,
p2_comp_131,clean_vocabulary_noun_group,איש,1 candidates; Bereishis 2:24,p2_vocab_312,data/source_skill_enrichment/vocabulary_shoresh_candidates/bereishis_perek_2_vocabulary_shoresh_candidates.tsv,Likely noun/vocabulary group; meaning/category still needs Yossi review before verification.,needs_follow_up,medium,,
p2_comp_132,clean_vocabulary_noun_group,אלה,1 candidates; Bereishis 2:4,p2_vocab_036,data/source_skill_enrichment/vocabulary_shoresh_candidates/bereishis_perek_2_vocabulary_shoresh_candidates.tsv,Likely noun/vocabulary group; meaning/category still needs Yossi review before verification.,needs_follow_up,medium,,
p2_comp_133,clean_vocabulary_noun_group,אמו,1 candidates; Bereishis 2:24,p2_vocab_316,data/source_skill_enrichment/vocabulary_shoresh_candidates/bereishis_perek_2_vocabulary_shoresh_candidates.tsv,Likely noun/vocabulary group; meaning/category still needs Yossi review before verification.,needs_follow_up,medium,,
p2_comp_134,clean_vocabulary_noun_group,ארץ,"8 candidates; Bereishis 2:1, Bereishis 2:4, Bereishis 2:5, Bereishis 2:6, Bereishis 2:11, Bereishis 2:12, Bereishis 2:13","p2_vocab_003, p2_vocab_039, p2_vocab_045, p2_vocab_064, p2_vocab_073, p2_vocab_144, p2_vocab_150, p2_vocab_165",data/source_skill_enrichment/vocabulary_shoresh_candidates/bereishis_perek_2_vocabulary_shoresh_candidates.tsv,Likely noun/vocabulary group; meaning/category still needs Yossi review before verification.,needs_follow_up,medium,,
p2_comp_135,clean_vocabulary_noun_group,אשה,1 candidates; Bereishis 2:23,p2_vocab_304,data/source_skill_enrichment/vocabulary_shoresh_candidates/bereishis_perek_2_vocabulary_shoresh_candidates.tsv,Likely noun/vocabulary group; meaning/category still needs Yossi review before verification.,needs_follow_up,medium,,
p2_comp_136,clean_vocabulary_noun_group,בדלח,1 candidates; Bereishis 2:12,p2_vocab_154,data/source_skill_enrichment/vocabulary_shoresh_candidates/bereishis_perek_2_vocabulary_shoresh_candidates.tsv,Likely noun/vocabulary group; meaning/category still needs Yossi review before verification.,needs_follow_up,medium,,
p2_comp_137,clean_vocabulary_noun_group,בשר,"2 candidates; Bereishis 2:21, Bereishis 2:23","p2_vocab_279, p2_vocab_300",data/source_skill_enrichment/vocabulary_shoresh_candidates/bereishis_perek_2_vocabulary_shoresh_candidates.tsv,Likely noun/vocabulary group; meaning/category still needs Yossi review before verification.,needs_follow_up,medium,,
p2_comp_138,clean_vocabulary_noun_group,גן,"4 candidates; Bereishis 2:8, Bereishis 2:9, Bereishis 2:10, Bereishis 2:16","p2_vocab_098, p2_vocab_121, p2_vocab_131, p2_vocab_197",data/source_skill_enrichment/vocabulary_shoresh_candidates/bereishis_perek_2_vocabulary_shoresh_candidates.tsv,Likely noun/vocabulary group; meaning/category still needs Yossi review before verification.,needs_follow_up,medium,,
p2_comp_139,clean_vocabulary_noun_group,זהב,"2 candidates; Bereishis 2:11, Bereishis 2:12","p2_vocab_148, p2_vocab_149",data/source_skill_enrichment/vocabulary_shoresh_candidates/bereishis_perek_2_vocabulary_shoresh_candidates.tsv,Likely noun/vocabulary group; meaning/category still needs Yossi review before verification.,needs_follow_up,medium,,
p2_comp_140,clean_vocabulary_noun_group,חיים,"2 candidates; Bereishis 2:7, Bereishis 2:9","p2_vocab_090, p2_vocab_119",data/source_skill_enrichment/vocabulary_shoresh_candidates/bereishis_perek_2_vocabulary_shoresh_candidates.tsv,Likely noun/vocabulary group; meaning/category still needs Yossi review before verification.,needs_follow_up,medium,,
p2_comp_141,clean_vocabulary_noun_group,טוב,"5 candidates; Bereishis 2:9, Bereishis 2:12, Bereishis 2:17, Bereishis 2:18","p2_vocab_116, p2_vocab_124, p2_vocab_152, p2_vocab_202, p2_vocab_217",data/source_skill_enrichment/vocabulary_shoresh_candidates/bereishis_perek_2_vocabulary_shoresh_candidates.tsv,Likely noun/vocabulary group; meaning/category still needs Yossi review before verification.,needs_follow_up,medium,,
p2_comp_142,clean_vocabulary_noun_group,יום,1 candidates; Bereishis 2:3,p2_vocab_023,data/source_skill_enrichment/vocabulary_shoresh_candidates/bereishis_perek_2_vocabulary_shoresh_candidates.tsv,Likely noun/vocabulary group; meaning/category still needs Yossi review before verification.,needs_follow_up,medium,,
p2_comp_143,clean_vocabulary_noun_group,מלאכתו,"3 candidates; Bereishis 2:2, Bereishis 2:3","p2_vocab_010, p2_vocab_017, p2_vocab_031",data/source_skill_enrichment/vocabulary_shoresh_candidates/bereishis_perek_2_vocabulary_shoresh_candidates.tsv,Likely noun/vocabulary group; meaning/category still needs Yossi review before verification.,needs_follow_up,medium,,
p2_comp_144,clean_vocabulary_noun_group,נהר,"4 candidates; Bereishis 2:10, Bereishis 2:13, Bereishis 2:14","p2_vocab_126, p2_vocab_158, p2_vocab_168, p2_vocab_175",data/source_skill_enrichment/vocabulary_shoresh_candidates/bereishis_perek_2_vocabulary_shoresh_candidates.tsv,Likely noun/vocabulary group; meaning/category still needs Yossi review before verification.,needs_follow_up,medium,,
p2_comp_145,clean_vocabulary_noun_group,נפש,1 candidates; Bereishis 2:19,p2_vocab_249,data/source_skill_enrichment/vocabulary_shoresh_candidates/bereishis_perek_2_vocabulary_shoresh_candidates.tsv,Likely noun/vocabulary group; meaning/category still needs Yossi review before verification.,needs_follow_up,medium,,
p2_comp_146,clean_vocabulary_noun_group,עדן,1 candidates; Bereishis 2:15,p2_vocab_186,data/source_skill_enrichment/vocabulary_shoresh_candidates/bereishis_perek_2_vocabulary_shoresh_candidates.tsv,Likely noun/vocabulary group; meaning/category still needs Yossi review before verification.,needs_follow_up,medium,,
p2_comp_147,clean_vocabulary_noun_group,עזר,"2 candidates; Bereishis 2:18, Bereishis 2:20","p2_vocab_223, p2_vocab_266",data/source_skill_enrichment/vocabulary_shoresh_candidates/bereishis_perek_2_vocabulary_shoresh_candidates.tsv,Likely noun/vocabulary group; meaning/category still needs Yossi review before verification.,needs_follow_up,medium,,
p2_comp_148,clean_vocabulary_noun_group,עץ,"4 candidates; Bereishis 2:9, Bereishis 2:16","p2_vocab_113, p2_vocab_118, p2_vocab_122, p2_vocab_196",data/source_skill_enrichment/vocabulary_shoresh_candidates/bereishis_perek_2_vocabulary_shoresh_candidates.tsv,Likely noun/vocabulary group; meaning/category still needs Yossi review before verification.,needs_follow_up,medium,,
p2_comp_149,clean_vocabulary_noun_group,עשב,1 candidates; Bereishis 2:5,p2_vocab_054,data/source_skill_enrichment/vocabulary_shoresh_candidates/bereishis_perek_2_vocabulary_shoresh_candidates.tsv,Likely noun/vocabulary group; meaning/category still needs Yossi review before verification.,needs_follow_up,medium,,
p2_comp_150,clean_vocabulary_noun_group,צבאם,1 candidates; Bereishis 2:1,p2_vocab_005,data/source_skill_enrichment/vocabulary_shoresh_candidates/bereishis_perek_2_vocabulary_shoresh_candidates.tsv,Likely noun/vocabulary group; meaning/category still needs Yossi review before verification.,needs_follow_up,medium,,
p2_comp_151,clean_vocabulary_noun_group,צלע,1 candidates; Bereishis 2:22,p2_vocab_285,data/source_skill_enrichment/vocabulary_shoresh_candidates/bereishis_perek_2_vocabulary_shoresh_candidates.tsv,Likely noun/vocabulary group; meaning/category still needs Yossi review before verification.,needs_follow_up,medium,,
p2_comp_152,clean_vocabulary_noun_group,רע,"2 candidates; Bereishis 2:9, Bereishis 2:17","p2_vocab_125, p2_vocab_203",data/source_skill_enrichment/vocabulary_shoresh_candidates/bereishis_perek_2_vocabulary_shoresh_candidates.tsv,Likely noun/vocabulary group; meaning/category still needs Yossi review before verification.,needs_follow_up,medium,,
p2_comp_153,clean_vocabulary_noun_group,שביעי,"3 candidates; Bereishis 2:2, Bereishis 2:3","p2_vocab_009, p2_vocab_015, p2_vocab_024",data/source_skill_enrichment/vocabulary_shoresh_candidates/bereishis_perek_2_vocabulary_shoresh_candidates.tsv,Likely noun/vocabulary group; meaning/category still needs Yossi review before verification.,needs_follow_up,medium,,
p2_comp_154,clean_vocabulary_noun_group,שדה,"4 candidates; Bereishis 2:5, Bereishis 2:19, Bereishis 2:20","p2_vocab_049, p2_vocab_055, p2_vocab_232, p2_vocab_262",data/source_skill_enrichment/vocabulary_shoresh_candidates/bereishis_perek_2_vocabulary_shoresh_candidates.tsv,Likely noun/vocabulary group; meaning/category still needs Yossi review before verification.,needs_follow_up,medium,,
p2_comp_155,clean_vocabulary_noun_group,שם,"6 candidates; Bereishis 2:8, Bereishis 2:11, Bereishis 2:12, Bereishis 2:13, Bereishis 2:14","p2_vocab_102, p2_vocab_137, p2_vocab_147, p2_vocab_153, p2_vocab_157, p2_vocab_167",data/source_skill_enrichment/vocabulary_shoresh_candidates/bereishis_perek_2_vocabulary_shoresh_candidates.tsv,Likely noun/vocabulary group; meaning/category still needs Yossi review before verification.,needs_follow_up,medium,,
p2_comp_156,clean_vocabulary_noun_group,שמים,"5 candidates; Bereishis 2:1, Bereishis 2:4, Bereishis 2:19, Bereishis 2:20","p2_vocab_002, p2_vocab_038, p2_vocab_046, p2_vocab_236, p2_vocab_259",data/source_skill_enrichment/vocabulary_shoresh_candidates/bereishis_perek_2_vocabulary_shoresh_candidates.tsv,Likely noun/vocabulary group; meaning/category still needs Yossi review before verification.,needs_follow_up,medium,,
p2_comp_157,clean_vocabulary_noun_group,תולדות,1 candidates; Bereishis 2:4,p2_vocab_037,data/source_skill_enrichment/vocabulary_shoresh_candidates/bereishis_perek_2_vocabulary_shoresh_candidates.tsv,Likely noun/vocabulary group; meaning/category still needs Yossi review before verification.,needs_follow_up,medium,,
p2_comp_158,direct_object_or_function_word_follow_up,את,"13 candidates; Bereishis 2:3, Bereishis 2:5, Bereishis 2:6, Bereishis 2:7, Bereishis 2:8, Bereishis 2:10, Bereishis 2:11, Bereishis 2:13 (+4 more refs)","p2_vocab_022, p2_vocab_068, p2_vocab_075, p2_vocab_082, p2_vocab_103, p2_vocab_130, p2_vocab_142, p2_vocab_163, p2_vocab_182, p2_vocab_233, +3 more",data/source_skill_enrichment/vocabulary_shoresh_candidates/bereishis_perek_2_vocabulary_shoresh_candidates.tsv,Function word/direct-object marker needs separate function-word review; do not treat as simple vocabulary translation.,needs_follow_up,high,,
p2_comp_159,prefix_preposition_or_function_word_follow_up,א,"9 candidates; Bereishis 2:2, Bereishis 2:3, Bereishis 2:8, Bereishis 2:11, Bereishis 2:19, Bereishis 2:22","p2_vocab_011, p2_vocab_018, p2_vocab_032, p2_vocab_105, p2_vocab_146, p2_vocab_238, p2_vocab_245, p2_vocab_286, p2_vocab_292",data/source_skill_enrichment/vocabulary_shoresh_candidates/bereishis_perek_2_vocabulary_shoresh_candidates.tsv,Prefix/preposition/function-word-sensitive token; keep follow-up until exact teaching lane is reviewed.,needs_follow_up,high,,
p2_comp_160,prefix_preposition_or_function_word_follow_up,ב,"12 candidates; Bereishis 2:2, Bereishis 2:3, Bereishis 2:4, Bereishis 2:5, Bereishis 2:7, Bereishis 2:8, Bereishis 2:9, Bereishis 2:15 (+2 more refs)","p2_vocab_008, p2_vocab_014, p2_vocab_028, p2_vocab_040, p2_vocab_041, p2_vocab_052, p2_vocab_088, p2_vocab_099, p2_vocab_120, p2_vocab_185, +2 more",data/source_skill_enrichment/vocabulary_shoresh_candidates/bereishis_perek_2_vocabulary_shoresh_candidates.tsv,Prefix/preposition/function-word-sensitive token; keep follow-up until exact teaching lane is reviewed.,needs_follow_up,high,,
p2_comp_161,prefix_preposition_or_function_word_follow_up,ה,"20 candidates; Bereishis 2:5, Bereishis 2:9, Bereishis 2:11, Bereishis 2:12, Bereishis 2:13, Bereishis 2:14, Bereishis 2:17, Bereishis 2:18 (+3 more refs)","p2_vocab_060, p2_vocab_123, p2_vocab_138, p2_vocab_140, p2_vocab_141, p2_vocab_145, p2_vocab_151, p2_vocab_156, p2_vocab_159, p2_vocab_161, +10 more",data/source_skill_enrichment/vocabulary_shoresh_candidates/bereishis_perek_2_vocabulary_shoresh_candidates.tsv,Prefix/preposition/function-word-sensitive token; keep follow-up until exact teaching lane is reviewed.,needs_follow_up,high,,
p2_comp_162,prefix_preposition_or_function_word_follow_up,ו,"42 candidates; Bereishis 2:1, Bereishis 2:2, Bereishis 2:3, Bereishis 2:5, Bereishis 2:6, Bereishis 2:7, Bereishis 2:8, Bereishis 2:9 (+12 more refs)","p2_vocab_001, p2_vocab_004, p2_vocab_006, p2_vocab_013, p2_vocab_020, p2_vocab_025, p2_vocab_047, p2_vocab_053, p2_vocab_070, p2_vocab_074, +32 more",data/source_skill_enrichment/vocabulary_shoresh_candidates/bereishis_perek_2_vocabulary_shoresh_candidates.tsv,Prefix/preposition/function-word-sensitive token; keep follow-up until exact teaching lane is reviewed.,needs_follow_up,high,,
p2_comp_163,prefix_preposition_or_function_word_follow_up,כ,"14 candidates; Bereishis 2:3, Bereishis 2:5, Bereishis 2:6, Bereishis 2:9, Bereishis 2:11, Bereishis 2:13, Bereishis 2:17, Bereishis 2:18 (+4 more refs)","p2_vocab_027, p2_vocab_058, p2_vocab_076, p2_vocab_112, p2_vocab_143, p2_vocab_164, p2_vocab_166, p2_vocab_207, p2_vocab_224, p2_vocab_230, +4 more",data/source_skill_enrichment/vocabulary_shoresh_candidates/bereishis_perek_2_vocabulary_shoresh_candidates.tsv,Prefix/preposition/function-word-sensitive token; keep follow-up until exact teaching lane is reviewed.,needs_follow_up,high,,
p2_comp_164,prefix_preposition_or_function_word_follow_up,ל,"23 candidates; Bereishis 2:3, Bereishis 2:5, Bereishis 2:7, Bereishis 2:9, Bereishis 2:10, Bereishis 2:15, Bereishis 2:16, Bereishis 2:17 (+6 more refs)","p2_vocab_035, p2_vocab_059, p2_vocab_067, p2_vocab_093, p2_vocab_115, p2_vocab_117, p2_vocab_129, p2_vocab_135, p2_vocab_187, p2_vocab_194, +13 more",data/source_skill_enrichment/vocabulary_shoresh_candidates/bereishis_perek_2_vocabulary_shoresh_candidates.tsv,Prefix/preposition/function-word-sensitive token; keep follow-up until exact teaching lane is reviewed.,needs_follow_up,high,,
p2_comp_165,prefix_preposition_or_function_word_follow_up,מ,"18 candidates; Bereishis 2:2, Bereishis 2:3, Bereishis 2:6, Bereishis 2:7, Bereishis 2:8, Bereishis 2:9, Bereishis 2:10, Bereishis 2:16 (+6 more refs)","p2_vocab_016, p2_vocab_030, p2_vocab_072, p2_vocab_085, p2_vocab_100, p2_vocab_110, p2_vocab_128, p2_vocab_195, p2_vocab_206, p2_vocab_210, +8 more",data/source_skill_enrichment/vocabulary_shoresh_candidates/bereishis_perek_2_vocabulary_shoresh_candidates.tsv,Prefix/preposition/function-word-sensitive token; keep follow-up until exact teaching lane is reviewed.,needs_follow_up,high,,
p2_comp_166,prefix_preposition_or_function_word_follow_up,ע,"4 candidates; Bereishis 2:5, Bereishis 2:16, Bereishis 2:21, Bereishis 2:24","p2_vocab_063, p2_vocab_192, p2_vocab_272, p2_vocab_309",data/source_skill_enrichment/vocabulary_shoresh_candidates/bereishis_perek_2_vocabulary_shoresh_candidates.tsv,Prefix/preposition/function-word-sensitive token; keep follow-up until exact teaching lane is reviewed.,needs_follow_up,high,,
p2_comp_167,prefix_preposition_or_function_word_follow_up,ש,"5 candidates; Bereishis 2:3, Bereishis 2:5, Bereishis 2:19, Bereishis 2:20, Bereishis 2:25","p2_vocab_029, p2_vocab_048, p2_vocab_252, p2_vocab_255, p2_vocab_323",data/source_skill_enrichment/vocabulary_shoresh_candidates/bereishis_perek_2_vocabulary_shoresh_candidates.tsv,Prefix/preposition/function-word-sensitive token; keep follow-up until exact teaching lane is reviewed.,needs_follow_up,high,,
