audit_id,ref,hebrew_token,hebrew_phrase,source_candidate_type,canonical_skill_id,proposed_question_family,eligibility_recommendation,recommendation_reason,risk_level,risk_reasons,yossi_question_review_decision,yossi_question_review_notes
qelig_b1_001,Bereishis 1:1,ברא,ברא אלקים,morphology,,basic_verb_form_recognition,eligible_candidate_for_yossi_question_review,Verified morphology appears clean enough for later review as a basic visible verb-form input candidate.,medium,verified_morphology_but_question_design_needed;requires_teacher_wording_review,,
qelig_b1_002,Bereishis 1:1,אלקים,ברא אלקים,morphology,,basic_verb_form_recognition,eligible_candidate_for_yossi_question_review,Verified morphology appears clean enough for later review as a basic visible verb-form input candidate.,medium,verified_morphology_but_question_design_needed;requires_teacher_wording_review,,
qelig_b1_003,Bereishis 1:2,היתה,היתה,morphology,,basic_verb_form_recognition,eligible_candidate_for_yossi_question_review,Verified morphology appears clean enough for later review as a basic visible verb-form input candidate.,medium,verified_morphology_but_question_design_needed;requires_teacher_wording_review,,
qelig_b1_007,Bereishis 1:2,והארץ,והארץ,vocabulary_shoresh,,vocabulary_meaning,eligible_candidate_for_yossi_question_review,Verified clean vocabulary evidence is scoped enough for later Yossi question-eligibility review.,low,clean_token_level_vocabulary;requires_teacher_wording_review,,
qelig_b1_009,Bereishis 1:5,יום,לאור יום,vocabulary_shoresh,,vocabulary_meaning,eligible_candidate_for_yossi_question_review,Verified clean vocabulary evidence is scoped enough for later Yossi question-eligibility review.,low,clean_token_level_vocabulary;requires_teacher_wording_review,,
qelig_b1_010,Bereishis 1:2,המים,על פני המים,vocabulary_shoresh,,vocabulary_meaning,eligible_candidate_for_yossi_question_review,Verified clean vocabulary evidence is scoped enough for later Yossi question-eligibility review.,low,clean_token_level_vocabulary;requires_teacher_wording_review,,
qelig_b1_018,Bereishis 1:1,ברא,ברא אלקים,token_split_standards,ROOT.IDENTIFY,shoresh_identification,eligible_candidate_for_yossi_question_review,Verified token-level 3.02 root standards mapping is clean enough for later Yossi question-eligibility review.,low,clean_token_level_shoresh;requires_teacher_wording_review,,
qelig_b1_019,Bereishis 1:1,את,את השמים ואת הארץ,token_split_standards,PARTICLE.DIRECT_OBJECT_MARKER,direct_object_marker_recognition,eligible_candidate_for_yossi_question_review,Verified token-level direct-object marker mapping can be reviewed later as a function-word input candidate.,medium,clean_direct_marker;requires_teacher_wording_review,,
qelig_b1_021,Bereishis 1:1,את,את השמים ואת הארץ,token_split_standards,PARTICLE.DIRECT_OBJECT_MARKER,direct_object_marker_recognition,eligible_candidate_for_yossi_question_review,Verified token-level direct-object marker mapping can be reviewed later as a function-word input candidate.,medium,clean_direct_marker;requires_teacher_wording_review,,
qelig_b1_022,Bereishis 1:1,ארץ,את השמים ואת הארץ,token_split_standards,WORD.MEANING_BASIC,basic_noun_recognition,eligible_candidate_for_yossi_question_review,Verified token-level 3.01 vocabulary standards mapping is clean enough for later Yossi question-eligibility review.,low,clean_token_level_vocabulary;requires_teacher_wording_review,,
qelig_b1_024,Bereishis 1:3,אור,יהי אור,token_split_standards,WORD.MEANING_BASIC,basic_noun_recognition,eligible_candidate_for_yossi_question_review,Verified token-level 3.01 vocabulary standards mapping is clean enough for later Yossi question-eligibility review.,low,clean_token_level_vocabulary;requires_teacher_wording_review,,
qelig_b1_025,Bereishis 1:5,אור,לאור יום,token_split_standards,WORD.MEANING_BASIC,basic_noun_recognition,eligible_candidate_for_yossi_question_review,Verified token-level 3.01 vocabulary standards mapping is clean enough for later Yossi question-eligibility review.,low,clean_token_level_vocabulary;requires_teacher_wording_review,,
qelig_b1_026,Bereishis 1:5,יום,לאור יום,token_split_standards,WORD.MEANING_BASIC,basic_noun_recognition,eligible_candidate_for_yossi_question_review,Verified token-level 3.01 vocabulary standards mapping is clean enough for later Yossi question-eligibility review.,low,clean_token_level_vocabulary;requires_teacher_wording_review,,
qelig_b1_029,Bereishis 1:6,מבדיל,וִיהִי מַבְדִּיל,morphology,,basic_verb_form_recognition,eligible_candidate_for_yossi_question_review,Verified morphology appears clean enough for later review as a basic visible verb-form input candidate.,medium,verified_morphology_but_question_design_needed;requires_teacher_wording_review,,
qelig_b1_033,Bereishis 1:11,תדשא,תַּדְשֵׁא הָאָרֶץ דֶּשֶׁא,morphology,,basic_verb_form_recognition,eligible_candidate_for_yossi_question_review,Verified morphology appears clean enough for later review as a basic visible verb-form input candidate.,medium,verified_morphology_but_question_design_needed;requires_teacher_wording_review,,
qelig_b1_034,Bereishis 1:11,מזריע,עֵשֶׂב מַזְרִיעַ זֶרַע,morphology,,basic_verb_form_recognition,eligible_candidate_for_yossi_question_review,Verified morphology appears clean enough for later review as a basic visible verb-form input candidate.,medium,verified_morphology_but_question_design_needed;requires_teacher_wording_review,,
qelig_b1_035,Bereishis 1:6,רקיע,יְהִי רָקִיעַ,vocabulary_shoresh,,vocabulary_meaning,eligible_candidate_for_yossi_question_review,Verified clean vocabulary evidence is scoped enough for later Yossi question-eligibility review.,low,clean_token_level_vocabulary;requires_teacher_wording_review,,
qelig_b1_036,Bereishis 1:8,שמים,וַיִּקְרָא אֱלֹקִים לָרָקִיעַ שָׁמָיִם,vocabulary_shoresh,,vocabulary_meaning,eligible_candidate_for_yossi_question_review,Verified clean vocabulary evidence is scoped enough for later Yossi question-eligibility review.,low,clean_token_level_vocabulary;requires_teacher_wording_review,,
qelig_b1_038,Bereishis 1:11,דשא,תַּדְשֵׁא הָאָרֶץ דֶּשֶׁא,vocabulary_shoresh,,vocabulary_meaning,eligible_candidate_for_yossi_question_review,Verified clean vocabulary evidence is scoped enough for later Yossi question-eligibility review.,low,clean_token_level_vocabulary;requires_teacher_wording_review,,
qelig_b1_039,Bereishis 1:11,זרע,עֵשֶׂב מַזְרִיעַ זֶרַע,vocabulary_shoresh,,vocabulary_meaning,eligible_candidate_for_yossi_question_review,Verified clean vocabulary evidence is scoped enough for later Yossi question-eligibility review.,low,clean_token_level_vocabulary;requires_teacher_wording_review,,
qelig_b1_040,Bereishis 1:11,פרי,עֵץ פְּרִי עֹשֶׂה פְּרִי,vocabulary_shoresh,,vocabulary_meaning,eligible_candidate_for_yossi_question_review,Verified clean vocabulary evidence is scoped enough for later Yossi question-eligibility review.,low,clean_token_level_vocabulary;requires_teacher_wording_review,,
qelig_b1_048,Bereishis 1:6,רקיע,יְהִי רָקִיעַ,token_split_standards,WORD.MEANING_BASIC,basic_noun_recognition,eligible_candidate_for_yossi_question_review,Verified token-level 3.01 vocabulary standards mapping is clean enough for later Yossi question-eligibility review.,low,clean_token_level_vocabulary;requires_teacher_wording_review,,
qelig_b1_050,Bereishis 1:8,רקיע,וַיִּקְרָא אֱלֹקִים לָרָקִיעַ שָׁמָיִם,token_split_standards,WORD.MEANING_BASIC,basic_noun_recognition,eligible_candidate_for_yossi_question_review,Verified token-level 3.01 vocabulary standards mapping is clean enough for later Yossi question-eligibility review.,low,clean_token_level_vocabulary;requires_teacher_wording_review,,
qelig_b1_051,Bereishis 1:8,שמים,וַיִּקְרָא אֱלֹקִים לָרָקִיעַ שָׁמָיִם,token_split_standards,WORD.MEANING_BASIC,basic_noun_recognition,eligible_candidate_for_yossi_question_review,Verified token-level 3.01 vocabulary standards mapping is clean enough for later Yossi question-eligibility review.,low,clean_token_level_vocabulary;requires_teacher_wording_review,,
qelig_b1_055,Bereishis 1:11,דשא,תַּדְשֵׁא הָאָרֶץ דֶּשֶׁא,token_split_standards,WORD.MEANING_BASIC,basic_noun_recognition,eligible_candidate_for_yossi_question_review,Verified token-level 3.01 vocabulary standards mapping is clean enough for later Yossi question-eligibility review.,low,clean_token_level_vocabulary;requires_teacher_wording_review,,
qelig_b1_057,Bereishis 1:11,זרע,עֵשֶׂב מַזְרִיעַ זֶרַע,token_split_standards,WORD.MEANING_BASIC,basic_noun_recognition,eligible_candidate_for_yossi_question_review,Verified token-level 3.01 vocabulary standards mapping is clean enough for later Yossi question-eligibility review.,low,clean_token_level_vocabulary;requires_teacher_wording_review,,
qelig_b1_058,Bereishis 1:11,פרי,עֵץ פְּרִי עֹשֶׂה פְּרִי,token_split_standards,WORD.MEANING_BASIC,basic_noun_recognition,eligible_candidate_for_yossi_question_review,Verified token-level 3.01 vocabulary standards mapping is clean enough for later Yossi question-eligibility review.,low,clean_token_level_vocabulary;requires_teacher_wording_review,,
qelig_b1_061,Bereishis 1:14,להבדיל,לְהַבְדִּיל בֵּין הַיּוֹם וּבֵין הַלָּיְלָה,morphology,,basic_verb_form_recognition,eligible_candidate_for_yossi_question_review,Verified morphology appears clean enough for later review as a basic visible verb-form input candidate.,medium,verified_morphology_but_question_design_needed;requires_teacher_wording_review,,
qelig_b1_064,Bereishis 1:15,להאיר,לְהָאִיר עַל הָאָרֶץ,morphology,,basic_verb_form_recognition,eligible_candidate_for_yossi_question_review,Verified morphology appears clean enough for later review as a basic visible verb-form input candidate.,medium,verified_morphology_but_question_design_needed;requires_teacher_wording_review,,
qelig_b1_070,Bereishis 1:18,וירא,וַיַּרְא אֱלֹקִים כִּי טוֹב,morphology,,basic_verb_form_recognition,eligible_candidate_for_yossi_question_review,Verified morphology appears clean enough for later review as a basic visible verb-form input candidate.,medium,verified_morphology_but_question_design_needed;requires_teacher_wording_review,,
qelig_b1_074,Bereishis 1:20,יעופף,וְעוֹף יְעוֹפֵף עַל הָאָרֶץ,morphology,,basic_verb_form_recognition,eligible_candidate_for_yossi_question_review,Verified morphology appears clean enough for later review as a basic visible verb-form input candidate.,medium,verified_morphology_but_question_design_needed;requires_teacher_wording_review,,
qelig_b1_076,Bereishis 1:21,שרצו,אֲשֶׁר שָׁרְצוּ הַמַּיִם לְמִינֵהֶם,morphology,,basic_verb_form_recognition,eligible_candidate_for_yossi_question_review,Verified morphology appears clean enough for later review as a basic visible verb-form input candidate.,medium,verified_morphology_but_question_design_needed;requires_teacher_wording_review,,
qelig_b1_077,Bereishis 1:21,וירא,וַיַּרְא אֱלֹקִים כִּי טוֹב,morphology,,basic_verb_form_recognition,eligible_candidate_for_yossi_question_review,Verified morphology appears clean enough for later review as a basic visible verb-form input candidate.,medium,verified_morphology_but_question_design_needed;requires_teacher_wording_review,,
qelig_b1_078,Bereishis 1:22,ויברך,וַיְבָרֶךְ אֹתָם אֱלֹקִים לֵאמֹר,morphology,,basic_verb_form_recognition,eligible_candidate_for_yossi_question_review,Verified morphology appears clean enough for later review as a basic visible verb-form input candidate.,medium,verified_morphology_but_question_design_needed;requires_teacher_wording_review,,
qelig_b1_085,Bereishis 1:14,מאורות,יְהִי מְאֹרֹת בִּרְקִיעַ הַשָּׁמַיִם,vocabulary_shoresh,,vocabulary_meaning,eligible_candidate_for_yossi_question_review,Verified clean vocabulary evidence is scoped enough for later Yossi question-eligibility review.,low,clean_token_level_vocabulary;requires_teacher_wording_review,,
qelig_b1_086,Bereishis 1:14,רקיע,יְהִי מְאֹרֹת בִּרְקִיעַ הַשָּׁמַיִם,vocabulary_shoresh,,vocabulary_meaning,eligible_candidate_for_yossi_question_review,Verified clean vocabulary evidence is scoped enough for later Yossi question-eligibility review.,low,clean_token_level_vocabulary;requires_teacher_wording_review,,
qelig_b1_087,Bereishis 1:14,שמים,יְהִי מְאֹרֹת בִּרְקִיעַ הַשָּׁמַיִם,vocabulary_shoresh,,vocabulary_meaning,eligible_candidate_for_yossi_question_review,Verified clean vocabulary evidence is scoped enough for later Yossi question-eligibility review.,low,clean_token_level_vocabulary;requires_teacher_wording_review,,
qelig_b1_088,Bereishis 1:14,יום,לְהַבְדִּיל בֵּין הַיּוֹם וּבֵין הַלָּיְלָה,vocabulary_shoresh,,vocabulary_meaning,eligible_candidate_for_yossi_question_review,Verified clean vocabulary evidence is scoped enough for later Yossi question-eligibility review.,low,clean_token_level_vocabulary;requires_teacher_wording_review,,
qelig_b1_089,Bereishis 1:14,לילה,לְהַבְדִּיל בֵּין הַיּוֹם וּבֵין הַלָּיְלָה,vocabulary_shoresh,,vocabulary_meaning,eligible_candidate_for_yossi_question_review,Verified clean vocabulary evidence is scoped enough for later Yossi question-eligibility review.,low,clean_token_level_vocabulary;requires_teacher_wording_review,,
qelig_b1_092,Bereishis 1:14,ימים,וּלְיָמִים וְשָׁנִים,vocabulary_shoresh,,vocabulary_meaning,eligible_candidate_for_yossi_question_review,Verified clean vocabulary evidence is scoped enough for later Yossi question-eligibility review.,low,clean_token_level_vocabulary;requires_teacher_wording_review,,
qelig_b1_093,Bereishis 1:14,שנים,וּלְיָמִים וְשָׁנִים,vocabulary_shoresh,,vocabulary_meaning,eligible_candidate_for_yossi_question_review,Verified clean vocabulary evidence is scoped enough for later Yossi question-eligibility review.,low,clean_token_level_vocabulary;requires_teacher_wording_review,,
qelig_b1_095,Bereishis 1:18,אור,וּלְהַבְדִּיל בֵּין הָאוֹר וּבֵין הַחֹשֶׁךְ,vocabulary_shoresh,,vocabulary_meaning,eligible_candidate_for_yossi_question_review,Verified clean vocabulary evidence is scoped enough for later Yossi question-eligibility review.,low,clean_token_level_vocabulary;requires_teacher_wording_review,,
qelig_b1_097,Bereishis 1:20,מים,יִשְׁרְצוּ הַמַּיִם,vocabulary_shoresh,,vocabulary_meaning,eligible_candidate_for_yossi_question_review,Verified clean vocabulary evidence is scoped enough for later Yossi question-eligibility review.,low,clean_token_level_vocabulary;requires_teacher_wording_review,,
qelig_b1_098,Bereishis 1:20,שרץ,שֶׁרֶץ נֶפֶשׁ חַיָּה,vocabulary_shoresh,,vocabulary_meaning,eligible_candidate_for_yossi_question_review,Verified clean vocabulary evidence is scoped enough for later Yossi question-eligibility review.,low,clean_token_level_vocabulary;requires_teacher_wording_review,,
qelig_b1_099,Bereishis 1:20,נפש,שֶׁרֶץ נֶפֶשׁ חַיָּה,vocabulary_shoresh,,vocabulary_meaning,eligible_candidate_for_yossi_question_review,Verified clean vocabulary evidence is scoped enough for later Yossi question-eligibility review.,low,clean_token_level_vocabulary;requires_teacher_wording_review,,
qelig_b1_100,Bereishis 1:20,חיה,שֶׁרֶץ נֶפֶשׁ חַיָּה,vocabulary_shoresh,,vocabulary_meaning,eligible_candidate_for_yossi_question_review,Verified clean vocabulary evidence is scoped enough for later Yossi question-eligibility review.,low,clean_token_level_vocabulary;requires_teacher_wording_review,,
qelig_b1_101,Bereishis 1:20,עוף,וְעוֹף יְעוֹפֵף עַל הָאָרֶץ,vocabulary_shoresh,,vocabulary_meaning,eligible_candidate_for_yossi_question_review,Verified clean vocabulary evidence is scoped enough for later Yossi question-eligibility review.,low,clean_token_level_vocabulary;requires_teacher_wording_review,,
qelig_b1_104,Bereishis 1:23,ערב,וַיְהִי עֶרֶב וַיְהִי בֹקֶר,vocabulary_shoresh,,vocabulary_meaning,eligible_candidate_for_yossi_question_review,Verified clean vocabulary evidence is scoped enough for later Yossi question-eligibility review.,low,clean_token_level_vocabulary;requires_teacher_wording_review,,
qelig_b1_120,Bereishis 1:14,מאורות,יְהִי מְאֹרֹת בִּרְקִיעַ הַשָּׁמַיִם,token_split_standards,WORD.MEANING_BASIC,basic_noun_recognition,eligible_candidate_for_yossi_question_review,Verified token-level 3.01 vocabulary standards mapping is clean enough for later Yossi question-eligibility review.,low,clean_token_level_vocabulary;requires_teacher_wording_review,,
qelig_b1_122,Bereishis 1:14,רקיע,יְהִי מְאֹרֹת בִּרְקִיעַ הַשָּׁמַיִם,token_split_standards,WORD.MEANING_BASIC,basic_noun_recognition,eligible_candidate_for_yossi_question_review,Verified token-level 3.01 vocabulary standards mapping is clean enough for later Yossi question-eligibility review.,low,clean_token_level_vocabulary;requires_teacher_wording_review,,
qelig_b1_123,Bereishis 1:14,שמים,יְהִי מְאֹרֹת בִּרְקִיעַ הַשָּׁמַיִם,token_split_standards,WORD.MEANING_BASIC,basic_noun_recognition,eligible_candidate_for_yossi_question_review,Verified token-level 3.01 vocabulary standards mapping is clean enough for later Yossi question-eligibility review.,low,clean_token_level_vocabulary;requires_teacher_wording_review,,
qelig_b1_125,Bereishis 1:14,הבדיל,לְהַבְדִּיל בֵּין הַיּוֹם וּבֵין הַלָּיְלָה,token_split_standards,ROOT.IDENTIFY,shoresh_identification,eligible_candidate_for_yossi_question_review,Verified token-level 3.02 root standards mapping is clean enough for later Yossi question-eligibility review.,low,clean_token_level_shoresh;requires_teacher_wording_review,,
qelig_b1_126,Bereishis 1:14,יום,לְהַבְדִּיל בֵּין הַיּוֹם וּבֵין הַלָּיְלָה,token_split_standards,WORD.MEANING_BASIC,basic_noun_recognition,eligible_candidate_for_yossi_question_review,Verified token-level 3.01 vocabulary standards mapping is clean enough for later Yossi question-eligibility review.,low,clean_token_level_vocabulary;requires_teacher_wording_review,,
qelig_b1_127,Bereishis 1:14,לילה,לְהַבְדִּיל בֵּין הַיּוֹם וּבֵין הַלָּיְלָה,token_split_standards,WORD.MEANING_BASIC,basic_noun_recognition,eligible_candidate_for_yossi_question_review,Verified token-level 3.01 vocabulary standards mapping is clean enough for later Yossi question-eligibility review.,low,clean_token_level_vocabulary;requires_teacher_wording_review,,
qelig_b1_130,Bereishis 1:15,מאורות,וְהָיוּ לִמְאוֹרֹת בִּרְקִיעַ הַשָּׁמַיִם,token_split_standards,WORD.MEANING_BASIC,basic_noun_recognition,eligible_candidate_for_yossi_question_review,Verified token-level 3.01 vocabulary standards mapping is clean enough for later Yossi question-eligibility review.,low,clean_token_level_vocabulary;requires_teacher_wording_review,,
qelig_b1_131,Bereishis 1:15,רקיע,וְהָיוּ לִמְאוֹרֹת בִּרְקִיעַ הַשָּׁמַיִם,token_split_standards,WORD.MEANING_BASIC,basic_noun_recognition,eligible_candidate_for_yossi_question_review,Verified token-level 3.01 vocabulary standards mapping is clean enough for later Yossi question-eligibility review.,low,clean_token_level_vocabulary;requires_teacher_wording_review,,
qelig_b1_132,Bereishis 1:15,שמים,וְהָיוּ לִמְאוֹרֹת בִּרְקִיעַ הַשָּׁמַיִם,token_split_standards,WORD.MEANING_BASIC,basic_noun_recognition,eligible_candidate_for_yossi_question_review,Verified token-level 3.01 vocabulary standards mapping is clean enough for later Yossi question-eligibility review.,low,clean_token_level_vocabulary;requires_teacher_wording_review,,
qelig_b1_133,Bereishis 1:16,את,אֶת שְׁנֵי הַמְּאֹרֹת הַגְּדֹלִים,token_split_standards,PARTICLE.DIRECT_OBJECT_MARKER,direct_object_marker_recognition,eligible_candidate_for_yossi_question_review,Verified token-level direct-object marker mapping can be reviewed later as a function-word input candidate.,medium,clean_direct_marker;requires_teacher_wording_review,,
qelig_b1_134,Bereishis 1:16,מאורות,אֶת שְׁנֵי הַמְּאֹרֹת הַגְּדֹלִים,token_split_standards,WORD.MEANING_BASIC,basic_noun_recognition,eligible_candidate_for_yossi_question_review,Verified token-level 3.01 vocabulary standards mapping is clean enough for later Yossi question-eligibility review.,low,clean_token_level_vocabulary;requires_teacher_wording_review,,
qelig_b1_135,Bereishis 1:16,את,אֶת הַמָּאוֹר הַגָּדֹל לְמֶמְשֶׁלֶת הַיּוֹם,token_split_standards,PARTICLE.DIRECT_OBJECT_MARKER,direct_object_marker_recognition,eligible_candidate_for_yossi_question_review,Verified token-level direct-object marker mapping can be reviewed later as a function-word input candidate.,medium,clean_direct_marker;requires_teacher_wording_review,,
qelig_b1_136,Bereishis 1:16,מאור,אֶת הַמָּאוֹר הַגָּדֹל לְמֶמְשֶׁלֶת הַיּוֹם,token_split_standards,WORD.MEANING_BASIC,basic_noun_recognition,eligible_candidate_for_yossi_question_review,Verified token-level 3.01 vocabulary standards mapping is clean enough for later Yossi question-eligibility review.,low,clean_token_level_vocabulary;requires_teacher_wording_review,,
qelig_b1_138,Bereishis 1:16,יום,אֶת הַמָּאוֹר הַגָּדֹל לְמֶמְשֶׁלֶת הַיּוֹם,token_split_standards,WORD.MEANING_BASIC,basic_noun_recognition,eligible_candidate_for_yossi_question_review,Verified token-level 3.01 vocabulary standards mapping is clean enough for later Yossi question-eligibility review.,low,clean_token_level_vocabulary;requires_teacher_wording_review,,
qelig_b1_139,Bereishis 1:16,את,וְאֶת הַמָּאוֹר הַקָּטֹן לְמֶמְשֶׁלֶת הַלָּיְלָה,token_split_standards,PARTICLE.DIRECT_OBJECT_MARKER,direct_object_marker_recognition,eligible_candidate_for_yossi_question_review,Verified token-level direct-object marker mapping can be reviewed later as a function-word input candidate.,medium,clean_direct_marker;requires_teacher_wording_review,,
qelig_b1_140,Bereishis 1:16,מאור,וְאֶת הַמָּאוֹר הַקָּטֹן לְמֶמְשֶׁלֶת הַלָּיְלָה,token_split_standards,WORD.MEANING_BASIC,basic_noun_recognition,eligible_candidate_for_yossi_question_review,Verified token-level 3.01 vocabulary standards mapping is clean enough for later Yossi question-eligibility review.,low,clean_token_level_vocabulary;requires_teacher_wording_review,,
qelig_b1_142,Bereishis 1:16,לילה,וְאֶת הַמָּאוֹר הַקָּטֹן לְמֶמְשֶׁלֶת הַלָּיְלָה,token_split_standards,WORD.MEANING_BASIC,basic_noun_recognition,eligible_candidate_for_yossi_question_review,Verified token-level 3.01 vocabulary standards mapping is clean enough for later Yossi question-eligibility review.,low,clean_token_level_vocabulary;requires_teacher_wording_review,,
qelig_b1_143,Bereishis 1:16,את,וְאֵת הַכּוֹכָבִים,token_split_standards,PARTICLE.DIRECT_OBJECT_MARKER,direct_object_marker_recognition,eligible_candidate_for_yossi_question_review,Verified token-level direct-object marker mapping can be reviewed later as a function-word input candidate.,medium,clean_direct_marker;requires_teacher_wording_review,,
qelig_b1_147,Bereishis 1:18,יום,וְלִמְשֹׁל בַּיּוֹם וּבַלַּיְלָה,token_split_standards,WORD.MEANING_BASIC,basic_noun_recognition,eligible_candidate_for_yossi_question_review,Verified token-level 3.01 vocabulary standards mapping is clean enough for later Yossi question-eligibility review.,low,clean_token_level_vocabulary;requires_teacher_wording_review,,
qelig_b1_148,Bereishis 1:18,לילה,וְלִמְשֹׁל בַּיּוֹם וּבַלַּיְלָה,token_split_standards,WORD.MEANING_BASIC,basic_noun_recognition,eligible_candidate_for_yossi_question_review,Verified token-level 3.01 vocabulary standards mapping is clean enough for later Yossi question-eligibility review.,low,clean_token_level_vocabulary;requires_teacher_wording_review,,
qelig_b1_150,Bereishis 1:18,הבדיל,וּלְהַבְדִּיל בֵּין הָאוֹר וּבֵין הַחֹשֶׁךְ,token_split_standards,ROOT.IDENTIFY,shoresh_identification,eligible_candidate_for_yossi_question_review,Verified token-level 3.02 root standards mapping is clean enough for later Yossi question-eligibility review.,low,clean_token_level_shoresh;requires_teacher_wording_review,,
qelig_b1_151,Bereishis 1:18,אור,וּלְהַבְדִּיל בֵּין הָאוֹר וּבֵין הַחֹשֶׁךְ,token_split_standards,WORD.MEANING_BASIC,basic_noun_recognition,eligible_candidate_for_yossi_question_review,Verified token-level 3.01 vocabulary standards mapping is clean enough for later Yossi question-eligibility review.,low,clean_token_level_vocabulary;requires_teacher_wording_review,,
qelig_b1_154,Bereishis 1:20,מים,יִשְׁרְצוּ הַמַּיִם,token_split_standards,WORD.MEANING_BASIC,basic_noun_recognition,eligible_candidate_for_yossi_question_review,Verified token-level 3.01 vocabulary standards mapping is clean enough for later Yossi question-eligibility review.,low,clean_token_level_vocabulary;requires_teacher_wording_review,,
qelig_b1_155,Bereishis 1:20,עוף,וְעוֹף יְעוֹפֵף עַל הָאָרֶץ,token_split_standards,WORD.MEANING_BASIC,basic_noun_recognition,eligible_candidate_for_yossi_question_review,Verified token-level 3.01 vocabulary standards mapping is clean enough for later Yossi question-eligibility review.,low,clean_token_level_vocabulary;requires_teacher_wording_review,,
qelig_b1_158,Bereishis 1:20,ארץ,וְעוֹף יְעוֹפֵף עַל הָאָרֶץ,token_split_standards,WORD.MEANING_BASIC,basic_noun_recognition,eligible_candidate_for_yossi_question_review,Verified token-level 3.01 vocabulary standards mapping is clean enough for later Yossi question-eligibility review.,low,clean_token_level_vocabulary;requires_teacher_wording_review,,
qelig_b1_159,Bereishis 1:21,את,וְאֵת כָּל נֶפֶשׁ הַחַיָּה הָרֹמֶשֶׂת,token_split_standards,PARTICLE.DIRECT_OBJECT_MARKER,direct_object_marker_recognition,eligible_candidate_for_yossi_question_review,Verified token-level direct-object marker mapping can be reviewed later as a function-word input candidate.,medium,clean_direct_marker;requires_teacher_wording_review,,
qelig_b1_160,Bereishis 1:21,נפש,וְאֵת כָּל נֶפֶשׁ הַחַיָּה הָרֹמֶשֶׂת,token_split_standards,WORD.MEANING_BASIC,basic_noun_recognition,eligible_candidate_for_yossi_question_review,Verified token-level 3.01 vocabulary standards mapping is clean enough for later Yossi question-eligibility review.,low,clean_token_level_vocabulary;requires_teacher_wording_review,,
qelig_b1_161,Bereishis 1:21,חיה,וְאֵת כָּל נֶפֶשׁ הַחַיָּה הָרֹמֶשֶׂת,token_split_standards,WORD.MEANING_BASIC,basic_noun_recognition,eligible_candidate_for_yossi_question_review,Verified token-level 3.01 vocabulary standards mapping is clean enough for later Yossi question-eligibility review.,low,clean_token_level_vocabulary;requires_teacher_wording_review,,
qelig_b1_164,Bereishis 1:24,ויאמר,וַיֹּאמֶר אֱלֹקִים,morphology,,basic_verb_form_recognition,eligible_candidate_for_yossi_question_review,Verified morphology appears clean enough for later review as a basic visible verb-form input candidate.,medium,verified_morphology_but_question_design_needed;requires_teacher_wording_review,,
qelig_b1_167,Bereishis 1:25,ויעש,וַיַּעַשׂ אֱלֹקִים,morphology,,basic_verb_form_recognition,eligible_candidate_for_yossi_question_review,Verified morphology appears clean enough for later review as a basic visible verb-form input candidate.,medium,verified_morphology_but_question_design_needed;requires_teacher_wording_review,,
qelig_b1_168,Bereishis 1:25,וירא,וַיַּרְא אֱלֹקִים כִּי טוֹב,morphology,,basic_verb_form_recognition,eligible_candidate_for_yossi_question_review,Verified morphology appears clean enough for later review as a basic visible verb-form input candidate.,medium,verified_morphology_but_question_design_needed;requires_teacher_wording_review,,
qelig_b1_169,Bereishis 1:26,ויאמר,וַיֹּאמֶר אֱלֹקִים,morphology,,basic_verb_form_recognition,eligible_candidate_for_yossi_question_review,Verified morphology appears clean enough for later review as a basic visible verb-form input candidate.,medium,verified_morphology_but_question_design_needed;requires_teacher_wording_review,,
qelig_b1_172,Bereishis 1:27,ויברא,וַיִּבְרָא אֱלֹקִים אֶת הָאָדָם בְּצַלְמוֹ,morphology,,basic_verb_form_recognition,eligible_candidate_for_yossi_question_review,Verified morphology appears clean enough for later review as a basic visible verb-form input candidate.,medium,verified_morphology_but_question_design_needed;requires_teacher_wording_review,,
qelig_b1_173,Bereishis 1:27,ברא,בְּצֶלֶם אֱלֹקִים בָּרָא אֹתוֹ,morphology,,basic_verb_form_recognition,eligible_candidate_for_yossi_question_review,Verified morphology appears clean enough for later review as a basic visible verb-form input candidate.,medium,verified_morphology_but_question_design_needed;requires_teacher_wording_review,,
qelig_b1_174,Bereishis 1:27,ברא,זָכָר וּנְקֵבָה בָּרָא אֹתָם,morphology,,basic_verb_form_recognition,eligible_candidate_for_yossi_question_review,Verified morphology appears clean enough for later review as a basic visible verb-form input candidate.,medium,verified_morphology_but_question_design_needed;requires_teacher_wording_review,,
qelig_b1_175,Bereishis 1:28,ויברך,וַיְבָרֶךְ אֹתָם אֱלֹקִים וַיֹּאמֶר לָהֶם אֱלֹקִים,morphology,,basic_verb_form_recognition,eligible_candidate_for_yossi_question_review,Verified morphology appears clean enough for later review as a basic visible verb-form input candidate.,medium,verified_morphology_but_question_design_needed;requires_teacher_wording_review,,
qelig_b1_176,Bereishis 1:28,ויאמר,וַיְבָרֶךְ אֹתָם אֱלֹקִים וַיֹּאמֶר לָהֶם אֱלֹקִים,morphology,,basic_verb_form_recognition,eligible_candidate_for_yossi_question_review,Verified morphology appears clean enough for later review as a basic visible verb-form input candidate.,medium,verified_morphology_but_question_design_needed;requires_teacher_wording_review,,
qelig_b1_182,Bereishis 1:29,ויאמר,וַיֹּאמֶר אֱלֹקִים,morphology,,basic_verb_form_recognition,eligible_candidate_for_yossi_question_review,Verified morphology appears clean enough for later review as a basic visible verb-form input candidate.,medium,verified_morphology_but_question_design_needed;requires_teacher_wording_review,,
qelig_b1_183,Bereishis 1:29,נתתי,הִנֵּה נָתַתִּי לָכֶם,morphology,,basic_verb_form_recognition,eligible_candidate_for_yossi_question_review,Verified morphology appears clean enough for later review as a basic visible verb-form input candidate.,medium,verified_morphology_but_question_design_needed;requires_teacher_wording_review,,
qelig_b1_187,Bereishis 1:31,עשה,וַיַּרְא אֱלֹהִים אֶת כׇּל אֲשֶׁר עָשָׂה,morphology,,basic_verb_form_recognition,eligible_candidate_for_yossi_question_review,Verified morphology appears clean enough for later review as a basic visible verb-form input candidate.,medium,verified_morphology_but_question_design_needed;requires_teacher_wording_review,,
qelig_b1_190,Bereishis 1:24,הארץ,תּוֹצֵא הָאָרֶץ,vocabulary_shoresh,,vocabulary_meaning,eligible_candidate_for_yossi_question_review,Verified clean vocabulary evidence is scoped enough for later Yossi question-eligibility review.,low,clean_token_level_vocabulary;requires_teacher_wording_review,,
qelig_b1_191,Bereishis 1:24,נפש,נֶפֶשׁ חַיָּה לְמִינָהּ,vocabulary_shoresh,,vocabulary_meaning,eligible_candidate_for_yossi_question_review,Verified clean vocabulary evidence is scoped enough for later Yossi question-eligibility review.,low,clean_token_level_vocabulary;requires_teacher_wording_review,,
qelig_b1_192,Bereishis 1:24,חיה,נֶפֶשׁ חַיָּה לְמִינָהּ,vocabulary_shoresh,,vocabulary_meaning,eligible_candidate_for_yossi_question_review,Verified clean vocabulary evidence is scoped enough for later Yossi question-eligibility review.,low,clean_token_level_vocabulary;requires_teacher_wording_review,,
qelig_b1_193,Bereishis 1:24,בהמה,בְּהֵמָה וָרֶמֶשׂ וְחַיְתוֹ אֶרֶץ לְמִינָהּ,vocabulary_shoresh,,vocabulary_meaning,eligible_candidate_for_yossi_question_review,Verified clean vocabulary evidence is scoped enough for later Yossi question-eligibility review.,low,clean_token_level_vocabulary;requires_teacher_wording_review,,
qelig_b1_194,Bereishis 1:24,רמש,בְּהֵמָה וָרֶמֶשׂ וְחַיְתוֹ אֶרֶץ לְמִינָהּ,vocabulary_shoresh,,vocabulary_meaning,eligible_candidate_for_yossi_question_review,Verified clean vocabulary evidence is scoped enough for later Yossi question-eligibility review.,low,clean_token_level_vocabulary;requires_teacher_wording_review,,
qelig_b1_195,Bereishis 1:24,ארץ,בְּהֵמָה וָרֶמֶשׂ וְחַיְתוֹ אֶרֶץ לְמִינָהּ,vocabulary_shoresh,,vocabulary_meaning,eligible_candidate_for_yossi_question_review,Verified clean vocabulary evidence is scoped enough for later Yossi question-eligibility review.,low,clean_token_level_vocabulary;requires_teacher_wording_review,,
qelig_b1_197,Bereishis 1:25,הארץ,אֶת חַיַּת הָאָרֶץ לְמִינָהּ,vocabulary_shoresh,,vocabulary_meaning,eligible_candidate_for_yossi_question_review,Verified clean vocabulary evidence is scoped enough for later Yossi question-eligibility review.,low,clean_token_level_vocabulary;requires_teacher_wording_review,,
qelig_b1_198,Bereishis 1:25,הבהמה,וְאֶת הַבְּהֵמָה לְמִינָהּ,vocabulary_shoresh,,vocabulary_meaning,eligible_candidate_for_yossi_question_review,Verified clean vocabulary evidence is scoped enough for later Yossi question-eligibility review.,low,clean_token_level_vocabulary;requires_teacher_wording_review,,
qelig_b1_199,Bereishis 1:25,רמש,וְאֵת כָּל רֶמֶשׂ הָאֲדָמָה לְמִינֵהוּ,vocabulary_shoresh,,vocabulary_meaning,eligible_candidate_for_yossi_question_review,Verified clean vocabulary evidence is scoped enough for later Yossi question-eligibility review.,low,clean_token_level_vocabulary;requires_teacher_wording_review,,
qelig_b1_200,Bereishis 1:25,האדמה,וְאֵת כָּל רֶמֶשׂ הָאֲדָמָה לְמִינֵהוּ,vocabulary_shoresh,,vocabulary_meaning,eligible_candidate_for_yossi_question_review,Verified clean vocabulary evidence is scoped enough for later Yossi question-eligibility review.,low,clean_token_level_vocabulary;requires_teacher_wording_review,,
qelig_b1_201,Bereishis 1:26,אדם,נַעֲשֶׂה אָדָם,vocabulary_shoresh,,vocabulary_meaning,eligible_candidate_for_yossi_question_review,Verified clean vocabulary evidence is scoped enough for later Yossi question-eligibility review.,low,clean_token_level_vocabulary;requires_teacher_wording_review,,
qelig_b1_204,Bereishis 1:26,הים,וְיִרְדּוּ בִדְגַת הַיָּם וּבְעוֹף הַשָּׁמַיִם,vocabulary_shoresh,,vocabulary_meaning,eligible_candidate_for_yossi_question_review,Verified clean vocabulary evidence is scoped enough for later Yossi question-eligibility review.,low,clean_token_level_vocabulary;requires_teacher_wording_review,,
qelig_b1_205,Bereishis 1:26,עוף,וְיִרְדּוּ בִדְגַת הַיָּם וּבְעוֹף הַשָּׁמַיִם,vocabulary_shoresh,,vocabulary_meaning,eligible_candidate_for_yossi_question_review,Verified clean vocabulary evidence is scoped enough for later Yossi question-eligibility review.,low,clean_token_level_vocabulary;requires_teacher_wording_review,,
qelig_b1_206,Bereishis 1:26,השמים,וְיִרְדּוּ בִדְגַת הַיָּם וּבְעוֹף הַשָּׁמַיִם,vocabulary_shoresh,,vocabulary_meaning,eligible_candidate_for_yossi_question_review,Verified clean vocabulary evidence is scoped enough for later Yossi question-eligibility review.,low,clean_token_level_vocabulary;requires_teacher_wording_review,,
qelig_b1_207,Bereishis 1:27,זכר,זָכָר וּנְקֵבָה בָּרָא אֹתָם,vocabulary_shoresh,,vocabulary_meaning,eligible_candidate_for_yossi_question_review,Verified clean vocabulary evidence is scoped enough for later Yossi question-eligibility review.,low,clean_token_level_vocabulary;requires_teacher_wording_review,,
qelig_b1_208,Bereishis 1:27,נקבה,זָכָר וּנְקֵבָה בָּרָא אֹתָם,vocabulary_shoresh,,vocabulary_meaning,eligible_candidate_for_yossi_question_review,Verified clean vocabulary evidence is scoped enough for later Yossi question-eligibility review.,low,clean_token_level_vocabulary;requires_teacher_wording_review,,
qelig_b1_209,Bereishis 1:28,הארץ,פְּרוּ וּרְבוּ וּמִלְאוּ אֶת הָאָרֶץ,vocabulary_shoresh,,vocabulary_meaning,eligible_candidate_for_yossi_question_review,Verified clean vocabulary evidence is scoped enough for later Yossi question-eligibility review.,low,clean_token_level_vocabulary;requires_teacher_wording_review,,
qelig_b1_211,Bereishis 1:28,הים,וּרְדוּ בִּדְגַת הַיָּם וּבְעוֹף הַשָּׁמַיִם,vocabulary_shoresh,,vocabulary_meaning,eligible_candidate_for_yossi_question_review,Verified clean vocabulary evidence is scoped enough for later Yossi question-eligibility review.,low,clean_token_level_vocabulary;requires_teacher_wording_review,,
qelig_b1_212,Bereishis 1:28,עוף,וּרְדוּ בִּדְגַת הַיָּם וּבְעוֹף הַשָּׁמַיִם,vocabulary_shoresh,,vocabulary_meaning,eligible_candidate_for_yossi_question_review,Verified clean vocabulary evidence is scoped enough for later Yossi question-eligibility review.,low,clean_token_level_vocabulary;requires_teacher_wording_review,,
qelig_b1_213,Bereishis 1:28,השמים,וּרְדוּ בִּדְגַת הַיָּם וּבְעוֹף הַשָּׁמַיִם,vocabulary_shoresh,,vocabulary_meaning,eligible_candidate_for_yossi_question_review,Verified clean vocabulary evidence is scoped enough for later Yossi question-eligibility review.,low,clean_token_level_vocabulary;requires_teacher_wording_review,,
qelig_b1_214,Bereishis 1:28,חיה,וּבְכָל חַיָּה הָרֹמֶשֶׂת עַל הָאָרֶץ,vocabulary_shoresh,,vocabulary_meaning,eligible_candidate_for_yossi_question_review,Verified clean vocabulary evidence is scoped enough for later Yossi question-eligibility review.,low,clean_token_level_vocabulary;requires_teacher_wording_review,,
qelig_b1_215,Bereishis 1:28,הארץ,וּבְכָל חַיָּה הָרֹמֶשֶׂת עַל הָאָרֶץ,vocabulary_shoresh,,vocabulary_meaning,eligible_candidate_for_yossi_question_review,Verified clean vocabulary evidence is scoped enough for later Yossi question-eligibility review.,low,clean_token_level_vocabulary;requires_teacher_wording_review,,
qelig_b1_216,Bereishis 1:29,עשב,אֶת כָּל עֵשֶׂב זֹרֵעַ זֶרַע,vocabulary_shoresh,,vocabulary_meaning,eligible_candidate_for_yossi_question_review,Verified clean vocabulary evidence is scoped enough for later Yossi question-eligibility review.,low,clean_token_level_vocabulary;requires_teacher_wording_review,,
qelig_b1_217,Bereishis 1:29,זרע,אֶת כָּל עֵשֶׂב זֹרֵעַ זֶרַע,vocabulary_shoresh,,vocabulary_meaning,eligible_candidate_for_yossi_question_review,Verified clean vocabulary evidence is scoped enough for later Yossi question-eligibility review.,low,clean_token_level_vocabulary;requires_teacher_wording_review,,
qelig_b1_218,Bereishis 1:29,העץ,וְאֶת כָּל הָעֵץ אֲשֶׁר בּוֹ פְרִי עֵץ זֹרֵעַ זָרַע,vocabulary_shoresh,,vocabulary_meaning,eligible_candidate_for_yossi_question_review,Verified clean vocabulary evidence is scoped enough for later Yossi question-eligibility review.,low,clean_token_level_vocabulary;requires_teacher_wording_review,,
qelig_b1_219,Bereishis 1:29,פרי,וְאֶת כָּל הָעֵץ אֲשֶׁר בּוֹ פְרִי עֵץ זֹרֵעַ זָרַע,vocabulary_shoresh,,vocabulary_meaning,eligible_candidate_for_yossi_question_review,Verified clean vocabulary evidence is scoped enough for later Yossi question-eligibility review.,low,clean_token_level_vocabulary;requires_teacher_wording_review,,
qelig_b1_220,Bereishis 1:29,זרע,וְאֶת כָּל הָעֵץ אֲשֶׁר בּוֹ פְרִי עֵץ זֹרֵעַ זָרַע,vocabulary_shoresh,,vocabulary_meaning,eligible_candidate_for_yossi_question_review,Verified clean vocabulary evidence is scoped enough for later Yossi question-eligibility review.,low,clean_token_level_vocabulary;requires_teacher_wording_review,,
qelig_b1_222,Bereishis 1:30,נפש,וּלְכֹל רוֹמֵשׂ עַל הָאָרֶץ אֲשֶׁר בּוֹ נֶפֶשׁ חַיָּה,vocabulary_shoresh,,vocabulary_meaning,eligible_candidate_for_yossi_question_review,Verified clean vocabulary evidence is scoped enough for later Yossi question-eligibility review.,low,clean_token_level_vocabulary;requires_teacher_wording_review,,
qelig_b1_223,Bereishis 1:30,חיה,וּלְכֹל רוֹמֵשׂ עַל הָאָרֶץ אֲשֶׁר בּוֹ נֶפֶשׁ חַיָּה,vocabulary_shoresh,,vocabulary_meaning,eligible_candidate_for_yossi_question_review,Verified clean vocabulary evidence is scoped enough for later Yossi question-eligibility review.,low,clean_token_level_vocabulary;requires_teacher_wording_review,,
qelig_b1_224,Bereishis 1:30,ירק,אֶת כָּל יֶרֶק עֵשֶׂב לְאָכְלָה,vocabulary_shoresh,,vocabulary_meaning,eligible_candidate_for_yossi_question_review,Verified clean vocabulary evidence is scoped enough for later Yossi question-eligibility review.,low,clean_token_level_vocabulary;requires_teacher_wording_review,,
qelig_b1_225,Bereishis 1:30,עשב,אֶת כָּל יֶרֶק עֵשֶׂב לְאָכְלָה,vocabulary_shoresh,,vocabulary_meaning,eligible_candidate_for_yossi_question_review,Verified clean vocabulary evidence is scoped enough for later Yossi question-eligibility review.,low,clean_token_level_vocabulary;requires_teacher_wording_review,,
qelig_b1_226,Bereishis 1:31,טוב,וְהִנֵּה טוֹב מְאֹד,vocabulary_shoresh,,vocabulary_meaning,eligible_candidate_for_yossi_question_review,Verified clean vocabulary evidence is scoped enough for later Yossi question-eligibility review.,low,clean_token_level_vocabulary;requires_teacher_wording_review,,
qelig_b1_227,Bereishis 1:31,ערב,וַיְהִי עֶרֶב וַיְהִי בֹקֶר,vocabulary_shoresh,,vocabulary_meaning,eligible_candidate_for_yossi_question_review,Verified clean vocabulary evidence is scoped enough for later Yossi question-eligibility review.,low,clean_token_level_vocabulary;requires_teacher_wording_review,,
qelig_b1_229,Bereishis 1:31,יום,יוֹם הַשִּׁשִּׁי,vocabulary_shoresh,,vocabulary_meaning,eligible_candidate_for_yossi_question_review,Verified clean vocabulary evidence is scoped enough for later Yossi question-eligibility review.,low,clean_token_level_vocabulary;requires_teacher_wording_review,,
qelig_b1_245,Bereishis 1:24,ארץ,תּוֹצֵא הָאָרֶץ,token_split_standards,WORD.MEANING_BASIC,basic_noun_recognition,eligible_candidate_for_yossi_question_review,Verified token-level 3.01 vocabulary standards mapping is clean enough for later Yossi question-eligibility review.,low,clean_token_level_vocabulary;requires_teacher_wording_review,,
qelig_b1_246,Bereishis 1:24,נפש,נֶפֶשׁ חַיָּה לְמִינָהּ,token_split_standards,WORD.MEANING_BASIC,basic_noun_recognition,eligible_candidate_for_yossi_question_review,Verified token-level 3.01 vocabulary standards mapping is clean enough for later Yossi question-eligibility review.,low,clean_token_level_vocabulary;requires_teacher_wording_review,,
qelig_b1_247,Bereishis 1:24,חיה,נֶפֶשׁ חַיָּה לְמִינָהּ,token_split_standards,WORD.MEANING_BASIC,basic_noun_recognition,eligible_candidate_for_yossi_question_review,Verified token-level 3.01 vocabulary standards mapping is clean enough for later Yossi question-eligibility review.,low,clean_token_level_vocabulary;requires_teacher_wording_review,,
qelig_b1_250,Bereishis 1:24,בהמה,בְּהֵמָה וָרֶמֶשׂ וְחַיְתוֹ אֶרֶץ לְמִינָהּ,token_split_standards,WORD.MEANING_BASIC,basic_noun_recognition,eligible_candidate_for_yossi_question_review,Verified token-level 3.01 vocabulary standards mapping is clean enough for later Yossi question-eligibility review.,low,clean_token_level_vocabulary;requires_teacher_wording_review,,
qelig_b1_251,Bereishis 1:24,רמש,בְּהֵמָה וָרֶמֶשׂ וְחַיְתוֹ אֶרֶץ לְמִינָהּ,token_split_standards,WORD.MEANING_BASIC,basic_noun_recognition,eligible_candidate_for_yossi_question_review,Verified token-level 3.01 vocabulary standards mapping is clean enough for later Yossi question-eligibility review.,low,clean_token_level_vocabulary;requires_teacher_wording_review,,
qelig_b1_253,Bereishis 1:24,ארץ,בְּהֵמָה וָרֶמֶשׂ וְחַיְתוֹ אֶרֶץ לְמִינָהּ,token_split_standards,WORD.MEANING_BASIC,basic_noun_recognition,eligible_candidate_for_yossi_question_review,Verified token-level 3.01 vocabulary standards mapping is clean enough for later Yossi question-eligibility review.,low,clean_token_level_vocabulary;requires_teacher_wording_review,,
qelig_b1_255,Bereishis 1:25,את,אֶת חַיַּת הָאָרֶץ לְמִינָהּ,token_split_standards,PARTICLE.DIRECT_OBJECT_MARKER,direct_object_marker_recognition,eligible_candidate_for_yossi_question_review,Verified token-level direct-object marker mapping can be reviewed later as a function-word input candidate.,medium,clean_direct_marker;requires_teacher_wording_review,,
qelig_b1_257,Bereishis 1:25,ארץ,אֶת חַיַּת הָאָרֶץ לְמִינָהּ,token_split_standards,WORD.MEANING_BASIC,basic_noun_recognition,eligible_candidate_for_yossi_question_review,Verified token-level 3.01 vocabulary standards mapping is clean enough for later Yossi question-eligibility review.,low,clean_token_level_vocabulary;requires_teacher_wording_review,,
qelig_b1_259,Bereishis 1:25,את,וְאֵת כָּל רֶמֶשׂ הָאֲדָמָה לְמִינֵהוּ,token_split_standards,PARTICLE.DIRECT_OBJECT_MARKER,direct_object_marker_recognition,eligible_candidate_for_yossi_question_review,Verified token-level direct-object marker mapping can be reviewed later as a function-word input candidate.,medium,clean_direct_marker;requires_teacher_wording_review,,
qelig_b1_260,Bereishis 1:25,רמש,וְאֵת כָּל רֶמֶשׂ הָאֲדָמָה לְמִינֵהוּ,token_split_standards,WORD.MEANING_BASIC,basic_noun_recognition,eligible_candidate_for_yossi_question_review,Verified token-level 3.01 vocabulary standards mapping is clean enough for later Yossi question-eligibility review.,low,clean_token_level_vocabulary;requires_teacher_wording_review,,
qelig_b1_261,Bereishis 1:25,אדמה,וְאֵת כָּל רֶמֶשׂ הָאֲדָמָה לְמִינֵהוּ,token_split_standards,WORD.MEANING_BASIC,basic_noun_recognition,eligible_candidate_for_yossi_question_review,Verified token-level 3.01 vocabulary standards mapping is clean enough for later Yossi question-eligibility review.,low,clean_token_level_vocabulary;requires_teacher_wording_review,,
qelig_b1_265,Bereishis 1:26,ים,וְיִרְדּוּ בִדְגַת הַיָּם וּבְעוֹף הַשָּׁמַיִם,token_split_standards,WORD.MEANING_BASIC,basic_noun_recognition,eligible_candidate_for_yossi_question_review,Verified token-level 3.01 vocabulary standards mapping is clean enough for later Yossi question-eligibility review.,low,clean_token_level_vocabulary;requires_teacher_wording_review,,
qelig_b1_266,Bereishis 1:26,עוף,וְיִרְדּוּ בִדְגַת הַיָּם וּבְעוֹף הַשָּׁמַיִם,token_split_standards,WORD.MEANING_BASIC,basic_noun_recognition,eligible_candidate_for_yossi_question_review,Verified token-level 3.01 vocabulary standards mapping is clean enough for later Yossi question-eligibility review.,low,clean_token_level_vocabulary;requires_teacher_wording_review,,
qelig_b1_267,Bereishis 1:26,שמים,וְיִרְדּוּ בִדְגַת הַיָּם וּבְעוֹף הַשָּׁמַיִם,token_split_standards,WORD.MEANING_BASIC,basic_noun_recognition,eligible_candidate_for_yossi_question_review,Verified token-level 3.01 vocabulary standards mapping is clean enough for later Yossi question-eligibility review.,low,clean_token_level_vocabulary;requires_teacher_wording_review,,
qelig_b1_268,Bereishis 1:26,בהמה,וּבַבְּהֵמָה וּבְכָל הָאָרֶץ וּבְכָל הָרֶמֶשׂ הָרֹמֵשׂ עַל הָאָרֶץ,token_split_standards,WORD.MEANING_BASIC,basic_noun_recognition,eligible_candidate_for_yossi_question_review,Verified token-level 3.01 vocabulary standards mapping is clean enough for later Yossi question-eligibility review.,low,clean_token_level_vocabulary;requires_teacher_wording_review,,
qelig_b1_269,Bereishis 1:26,ארץ,וּבַבְּהֵמָה וּבְכָל הָאָרֶץ וּבְכָל הָרֶמֶשׂ הָרֹמֵשׂ עַל הָאָרֶץ,token_split_standards,WORD.MEANING_BASIC,basic_noun_recognition,eligible_candidate_for_yossi_question_review,Verified token-level 3.01 vocabulary standards mapping is clean enough for later Yossi question-eligibility review.,low,clean_token_level_vocabulary;requires_teacher_wording_review,,
qelig_b1_270,Bereishis 1:26,רמש,וּבַבְּהֵמָה וּבְכָל הָאָרֶץ וּבְכָל הָרֶמֶשׂ הָרֹמֵשׂ עַל הָאָרֶץ,token_split_standards,WORD.MEANING_BASIC,basic_noun_recognition,eligible_candidate_for_yossi_question_review,Verified token-level 3.01 vocabulary standards mapping is clean enough for later Yossi question-eligibility review.,low,clean_token_level_vocabulary;requires_teacher_wording_review,,
qelig_b1_273,Bereishis 1:27,את,וַיִּבְרָא אֱלֹקִים אֶת הָאָדָם בְּצַלְמוֹ,token_split_standards,PARTICLE.DIRECT_OBJECT_MARKER,direct_object_marker_recognition,eligible_candidate_for_yossi_question_review,Verified token-level direct-object marker mapping can be reviewed later as a function-word input candidate.,medium,clean_direct_marker;requires_teacher_wording_review,,
qelig_b1_274,Bereishis 1:27,אדם,וַיִּבְרָא אֱלֹקִים אֶת הָאָדָם בְּצַלְמוֹ,token_split_standards,WORD.MEANING_BASIC,basic_noun_recognition,eligible_candidate_for_yossi_question_review,Verified token-level 3.01 vocabulary standards mapping is clean enough for later Yossi question-eligibility review.,low,clean_token_level_vocabulary;requires_teacher_wording_review,,
qelig_b1_279,Bereishis 1:28,את,פְּרוּ וּרְבוּ וּמִלְאוּ אֶת הָאָרֶץ,token_split_standards,PARTICLE.DIRECT_OBJECT_MARKER,direct_object_marker_recognition,eligible_candidate_for_yossi_question_review,Verified token-level direct-object marker mapping can be reviewed later as a function-word input candidate.,medium,clean_direct_marker;requires_teacher_wording_review,,
qelig_b1_280,Bereishis 1:28,ארץ,פְּרוּ וּרְבוּ וּמִלְאוּ אֶת הָאָרֶץ,token_split_standards,WORD.MEANING_BASIC,basic_noun_recognition,eligible_candidate_for_yossi_question_review,Verified token-level 3.01 vocabulary standards mapping is clean enough for later Yossi question-eligibility review.,low,clean_token_level_vocabulary;requires_teacher_wording_review,,
qelig_b1_283,Bereishis 1:28,ים,וּרְדוּ בִּדְגַת הַיָּם וּבְעוֹף הַשָּׁמַיִם,token_split_standards,WORD.MEANING_BASIC,basic_noun_recognition,eligible_candidate_for_yossi_question_review,Verified token-level 3.01 vocabulary standards mapping is clean enough for later Yossi question-eligibility review.,low,clean_token_level_vocabulary;requires_teacher_wording_review,,
qelig_b1_284,Bereishis 1:28,עוף,וּרְדוּ בִּדְגַת הַיָּם וּבְעוֹף הַשָּׁמַיִם,token_split_standards,WORD.MEANING_BASIC,basic_noun_recognition,eligible_candidate_for_yossi_question_review,Verified token-level 3.01 vocabulary standards mapping is clean enough for later Yossi question-eligibility review.,low,clean_token_level_vocabulary;requires_teacher_wording_review,,
qelig_b1_285,Bereishis 1:28,שמים,וּרְדוּ בִּדְגַת הַיָּם וּבְעוֹף הַשָּׁמַיִם,token_split_standards,WORD.MEANING_BASIC,basic_noun_recognition,eligible_candidate_for_yossi_question_review,Verified token-level 3.01 vocabulary standards mapping is clean enough for later Yossi question-eligibility review.,low,clean_token_level_vocabulary;requires_teacher_wording_review,,
qelig_b1_286,Bereishis 1:29,את,אֶת כָּל עֵשֶׂב זֹרֵעַ זֶרַע,token_split_standards,PARTICLE.DIRECT_OBJECT_MARKER,direct_object_marker_recognition,eligible_candidate_for_yossi_question_review,Verified token-level direct-object marker mapping can be reviewed later as a function-word input candidate.,medium,clean_direct_marker;requires_teacher_wording_review,,
qelig_b1_287,Bereishis 1:29,עשב,אֶת כָּל עֵשֶׂב זֹרֵעַ זֶרַע,token_split_standards,WORD.MEANING_BASIC,basic_noun_recognition,eligible_candidate_for_yossi_question_review,Verified token-level 3.01 vocabulary standards mapping is clean enough for later Yossi question-eligibility review.,low,clean_token_level_vocabulary;requires_teacher_wording_review,,
qelig_b1_288,Bereishis 1:29,זרע,אֶת כָּל עֵשֶׂב זֹרֵעַ זֶרַע,token_split_standards,WORD.MEANING_BASIC,basic_noun_recognition,eligible_candidate_for_yossi_question_review,Verified token-level 3.01 vocabulary standards mapping is clean enough for later Yossi question-eligibility review.,low,clean_token_level_vocabulary;requires_teacher_wording_review,,
qelig_b1_289,Bereishis 1:29,את,וְאֶת כָּל הָעֵץ אֲשֶׁר בּוֹ פְרִי עֵץ זֹרֵעַ זָרַע,token_split_standards,PARTICLE.DIRECT_OBJECT_MARKER,direct_object_marker_recognition,eligible_candidate_for_yossi_question_review,Verified token-level direct-object marker mapping can be reviewed later as a function-word input candidate.,medium,clean_direct_marker;requires_teacher_wording_review,,
qelig_b1_290,Bereishis 1:29,עץ,וְאֶת כָּל הָעֵץ אֲשֶׁר בּוֹ פְרִי עֵץ זֹרֵעַ זָרַע,token_split_standards,WORD.MEANING_BASIC,basic_noun_recognition,eligible_candidate_for_yossi_question_review,Verified token-level 3.01 vocabulary standards mapping is clean enough for later Yossi question-eligibility review.,low,clean_token_level_vocabulary;requires_teacher_wording_review,,
qelig_b1_291,Bereishis 1:29,פרי,וְאֶת כָּל הָעֵץ אֲשֶׁר בּוֹ פְרִי עֵץ זֹרֵעַ זָרַע,token_split_standards,WORD.MEANING_BASIC,basic_noun_recognition,eligible_candidate_for_yossi_question_review,Verified token-level 3.01 vocabulary standards mapping is clean enough for later Yossi question-eligibility review.,low,clean_token_level_vocabulary;requires_teacher_wording_review,,
qelig_b1_292,Bereishis 1:29,זרע,וְאֶת כָּל הָעֵץ אֲשֶׁר בּוֹ פְרִי עֵץ זֹרֵעַ זָרַע,token_split_standards,WORD.MEANING_BASIC,basic_noun_recognition,eligible_candidate_for_yossi_question_review,Verified token-level 3.01 vocabulary standards mapping is clean enough for later Yossi question-eligibility review.,low,clean_token_level_vocabulary;requires_teacher_wording_review,,
qelig_b1_293,Bereishis 1:30,נפש,וּלְכֹל רוֹמֵשׂ עַל הָאָרֶץ אֲשֶׁר בּוֹ נֶפֶשׁ חַיָּה,token_split_standards,WORD.MEANING_BASIC,basic_noun_recognition,eligible_candidate_for_yossi_question_review,Verified token-level 3.01 vocabulary standards mapping is clean enough for later Yossi question-eligibility review.,low,clean_token_level_vocabulary;requires_teacher_wording_review,,
qelig_b1_294,Bereishis 1:30,חיה,וּלְכֹל רוֹמֵשׂ עַל הָאָרֶץ אֲשֶׁר בּוֹ נֶפֶשׁ חַיָּה,token_split_standards,WORD.MEANING_BASIC,basic_noun_recognition,eligible_candidate_for_yossi_question_review,Verified token-level 3.01 vocabulary standards mapping is clean enough for later Yossi question-eligibility review.,low,clean_token_level_vocabulary;requires_teacher_wording_review,,
qelig_b1_296,Bereishis 1:30,את,אֶת כָּל יֶרֶק עֵשֶׂב לְאָכְלָה,token_split_standards,PARTICLE.DIRECT_OBJECT_MARKER,direct_object_marker_recognition,eligible_candidate_for_yossi_question_review,Verified token-level direct-object marker mapping can be reviewed later as a function-word input candidate.,medium,clean_direct_marker;requires_teacher_wording_review,,
qelig_b1_297,Bereishis 1:30,ירק,אֶת כָּל יֶרֶק עֵשֶׂב לְאָכְלָה,token_split_standards,WORD.MEANING_BASIC,basic_noun_recognition,eligible_candidate_for_yossi_question_review,Verified token-level 3.01 vocabulary standards mapping is clean enough for later Yossi question-eligibility review.,low,clean_token_level_vocabulary;requires_teacher_wording_review,,
qelig_b1_298,Bereishis 1:30,עשב,אֶת כָּל יֶרֶק עֵשֶׂב לְאָכְלָה,token_split_standards,WORD.MEANING_BASIC,basic_noun_recognition,eligible_candidate_for_yossi_question_review,Verified token-level 3.01 vocabulary standards mapping is clean enough for later Yossi question-eligibility review.,low,clean_token_level_vocabulary;requires_teacher_wording_review,,
qelig_b1_005,Bereishis 1:3,יהי,יהי אור,morphology,,not_recommended,blocked_for_questions,High-risk conceptual/theological wording is not suitable for mechanics questions without separate teacher direction.,high,sensitive_conceptual_context;requires_teacher_wording_review,,
qelig_b1_037,Bereishis 1:10,ימים,וּלְמִקְוֵה הַמַּיִם קָרָא יַמִּים,vocabulary_shoresh,,not_recommended,blocked_for_questions,High-risk conceptual/theological wording is not suitable for mechanics questions without separate teacher direction.,high,sensitive_conceptual_context;requires_teacher_wording_review,,
qelig_b1_053,Bereishis 1:9,יבשה,וְתֵרָאֶה הַיַּבָּשָׁה,token_split_standards,WORD.MEANING_BASIC,not_recommended,blocked_for_questions,High-risk conceptual/theological wording is not suitable for mechanics questions without separate teacher direction.,high,sensitive_conceptual_context;requires_teacher_wording_review,,
qelig_b1_056,Bereishis 1:11,מזריע,עֵשֶׂב מַזְרִיעַ זֶרַע,token_split_standards,VERB.TENSE.PRESENT,not_recommended,blocked_for_questions,High-risk conceptual/theological wording is not suitable for mechanics questions without separate teacher direction.,high,sensitive_conceptual_context;requires_teacher_wording_review,,
qelig_b1_059,Bereishis 1:11,עושה,עֵץ פְּרִי עֹשֶׂה פְּרִי,token_split_standards,VERB.TENSE.PRESENT,not_recommended,blocked_for_questions,High-risk conceptual/theological wording is not suitable for mechanics questions without separate teacher direction.,high,sensitive_conceptual_context;requires_teacher_wording_review,,
qelig_b1_014,Bereishis 1:2,,והארץ,phrase_level_standards,,not_recommended,source_only,"Phrase-level standards enrichment is useful source context, but token-split rows are the preferred question-planning path.",medium,phrase_level_bundle;context_dependent;requires_teacher_wording_review,,
qelig_b1_066,Bereishis 1:16,ויעש,וַיַּעַשׂ אֱלֹקִים,morphology,,not_recommended,source_only,"Verified morphology is useful source context, but the form needs careful wording before becoming a question input.",medium,verified_morphology_but_question_design_needed;requires_teacher_wording_review,,
qelig_b1_067,Bereishis 1:17,ויתן,וַיִּתֵּן אֹתָם אֱלֹקִים,morphology,,not_recommended,source_only,"Verified morphology is useful source context, but the form needs careful wording before becoming a question input.",medium,verified_morphology_but_question_design_needed;requires_teacher_wording_review,,
qelig_b1_073,Bereishis 1:20,ישרצו,יִשְׁרְצוּ הַמַּיִם,morphology,,not_recommended,source_only,"Verified morphology is useful source context, but the form needs careful wording before becoming a question input.",medium,verified_morphology_but_question_design_needed;requires_teacher_wording_review,,
qelig_b1_075,Bereishis 1:21,ויברא,וַיִּבְרָא אֱלֹקִים,morphology,,not_recommended,source_only,"Verified morphology is useful source context, but the form needs careful wording before becoming a question input.",medium,verified_morphology_but_question_design_needed;requires_teacher_wording_review,,
qelig_b1_186,Bereishis 1:31,וירא,וַיַּרְא אֱלֹהִים אֶת כׇּל אֲשֶׁר עָשָׂה,morphology,,not_recommended,source_only,"Verified morphology is useful source context, but the form needs careful wording before becoming a question input.",medium,verified_morphology_but_question_design_needed;requires_teacher_wording_review,,
qelig_b1_004,Bereishis 1:2,והארץ,והארץ,morphology,,not_recommended,needs_follow_up,Candidate remains unresolved in enrichment review and cannot be used for question-planning eligibility.,medium,prefix_preposition_uncertain;thin_evidence;requires_teacher_wording_review,,
qelig_b1_006,Bereishis 1:1,ברא,ברא אלקים,vocabulary_shoresh,,not_recommended,needs_follow_up,Candidate remains unresolved in enrichment review and cannot be used for question-planning eligibility.,medium,thin_evidence;requires_teacher_wording_review,,
qelig_b1_008,Bereishis 1:3,אור,יהי אור,vocabulary_shoresh,,not_recommended,needs_follow_up,Candidate remains unresolved in enrichment review and cannot be used for question-planning eligibility.,medium,thin_evidence;requires_teacher_wording_review,,
qelig_b1_011,Bereishis 1:2,וחשך,וחשך,vocabulary_shoresh,,not_recommended,needs_follow_up,Candidate remains unresolved in enrichment review and cannot be used for question-planning eligibility.,medium,context_dependent;prefix_preposition_uncertain;thin_evidence;requires_teacher_wording_review,,
qelig_b1_012,Bereishis 1:1,,ברא אלקים,phrase_level_standards,,not_recommended,needs_follow_up,Phrase-level standards rows are broad bundles and should be resolved through token-level standards before question planning.,high,phrase_level_bundle;requires_teacher_wording_review,,
qelig_b1_013,Bereishis 1:1,,את השמים ואת הארץ,phrase_level_standards,,not_recommended,needs_follow_up,Phrase-level standards rows are broad bundles and should be resolved through token-level standards before question planning.,high,phrase_level_bundle;requires_teacher_wording_review,,
qelig_b1_015,Bereishis 1:3,,יהי אור,phrase_level_standards,,not_recommended,needs_follow_up,Phrase-level standards rows are broad bundles and should be resolved through token-level standards before question planning.,high,phrase_level_bundle;requires_teacher_wording_review,,
qelig_b1_016,Bereishis 1:5,,לאור יום,phrase_level_standards,,not_recommended,needs_follow_up,Phrase-level standards rows are broad bundles and should be resolved through token-level standards before question planning.,high,phrase_level_bundle;requires_teacher_wording_review,,
qelig_b1_017,Bereishis 1:2,,מרחפת,phrase_level_standards,,not_recommended,needs_follow_up,Phrase-level standards rows are broad bundles and should be resolved through token-level standards before question planning.,high,phrase_level_bundle;requires_teacher_wording_review,,
qelig_b1_020,Bereishis 1:1,שמים,את השמים ואת הארץ,token_split_standards,WORD.MEANING_BASIC,not_recommended,needs_follow_up,Candidate remains unresolved in enrichment review and cannot be used for question-planning eligibility.,medium,thin_evidence;requires_teacher_wording_review,,
qelig_b1_023,Bereishis 1:3,יהי,יהי אור,token_split_standards,VERB.TENSE.FUTURE,not_recommended,needs_follow_up,Candidate remains unresolved in enrichment review and cannot be used for question-planning eligibility.,medium,thin_evidence;requires_teacher_wording_review,,
qelig_b1_027,Bereishis 1:5,ל,לאור יום,token_split_standards,PREFIX.BASIC_PREPOSITIONS,not_recommended,needs_follow_up,Candidate remains unresolved in enrichment review and cannot be used for question-planning eligibility.,medium,prefix_preposition_uncertain;thin_evidence;requires_teacher_wording_review,,
qelig_b1_028,Bereishis 1:6,יהי,יְהִי רָקִיעַ,morphology,,not_recommended,needs_follow_up,Candidate remains unresolved in enrichment review and cannot be used for question-planning eligibility.,high,future_jussive_uncertain;thin_evidence;requires_teacher_wording_review,,
qelig_b1_030,Bereishis 1:7,ויבדל,וַיַּבְדֵּל,morphology,,not_recommended,needs_follow_up,Candidate remains unresolved in enrichment review and cannot be used for question-planning eligibility.,high,vav_hahipuch_uncertain;thin_evidence;requires_teacher_wording_review,,
qelig_b1_031,Bereishis 1:9,יקוו,וַיֹּאמֶר אֱלֹקִים יִקָּווּ הַמַּיִם,morphology,,not_recommended,needs_follow_up,Candidate remains unresolved in enrichment review and cannot be used for question-planning eligibility.,high,future_jussive_uncertain;thin_evidence;requires_teacher_wording_review,,
qelig_b1_032,Bereishis 1:9,ותראה,וְתֵרָאֶה הַיַּבָּשָׁה,morphology,,not_recommended,needs_follow_up,Candidate remains unresolved in enrichment review and cannot be used for question-planning eligibility.,medium,thin_evidence;requires_teacher_wording_review,,
qelig_b1_041,Bereishis 1:6,,יְהִי רָקִיעַ,phrase_level_standards,,not_recommended,needs_follow_up,Phrase-level standards rows are broad bundles and should be resolved through token-level standards before question planning.,high,phrase_level_bundle;requires_teacher_wording_review,,
qelig_b1_042,Bereishis 1:8,,וַיִּקְרָא אֱלֹקִים לָרָקִיעַ שָׁמָיִם,phrase_level_standards,,not_recommended,needs_follow_up,Phrase-level standards rows are broad bundles and should be resolved through token-level standards before question planning.,high,phrase_level_bundle;requires_teacher_wording_review,,
qelig_b1_043,Bereishis 1:9,,וְתֵרָאֶה הַיַּבָּשָׁה,phrase_level_standards,,not_recommended,needs_follow_up,Phrase-level standards rows are broad bundles and should be resolved through token-level standards before question planning.,high,phrase_level_bundle;requires_teacher_wording_review,,
qelig_b1_044,Bereishis 1:11,,תַּדְשֵׁא הָאָרֶץ דֶּשֶׁא,phrase_level_standards,,not_recommended,needs_follow_up,Phrase-level standards rows are broad bundles and should be resolved through token-level standards before question planning.,high,phrase_level_bundle;requires_teacher_wording_review,,
qelig_b1_045,Bereishis 1:11,,עֵשֶׂב מַזְרִיעַ זֶרַע,phrase_level_standards,,not_recommended,needs_follow_up,Phrase-level standards rows are broad bundles and should be resolved through token-level standards before question planning.,high,phrase_level_bundle;requires_teacher_wording_review,,
qelig_b1_046,Bereishis 1:11,,עֵץ פְּרִי עֹשֶׂה פְּרִי,phrase_level_standards,,not_recommended,needs_follow_up,Phrase-level standards rows are broad bundles and should be resolved through token-level standards before question planning.,high,phrase_level_bundle;requires_teacher_wording_review,,
qelig_b1_047,Bereishis 1:6,יהי,יְהִי רָקִיעַ,token_split_standards,VERB.TENSE.FUTURE,not_recommended,needs_follow_up,Candidate remains unresolved in enrichment review and cannot be used for question-planning eligibility.,high,future_jussive_uncertain;thin_evidence;requires_teacher_wording_review,,
qelig_b1_049,Bereishis 1:8,ל,וַיִּקְרָא אֱלֹקִים לָרָקִיעַ שָׁמָיִם,token_split_standards,PREFIX.BASIC_PREPOSITIONS,not_recommended,needs_follow_up,Candidate remains unresolved in enrichment review and cannot be used for question-planning eligibility.,medium,prefix_preposition_uncertain;thin_evidence;requires_teacher_wording_review,,
qelig_b1_052,Bereishis 1:9,ותראה,וְתֵרָאֶה הַיַּבָּשָׁה,token_split_standards,VERB.TENSE.FUTURE,not_recommended,needs_follow_up,Candidate remains unresolved in enrichment review and cannot be used for question-planning eligibility.,medium,thin_evidence;requires_teacher_wording_review,,
